type,value,article_count,sources
cves,CVE-2026-85880,2,https://isc.sans.edu/diary/rss/33320 | https://www.rapid7.com/blog/post/em-patch-tuesday-september-2026
cves,CVE-2026-85877,1,https://www.rapid7.com/blog/post/em-patch-tuesday-september-2026
cves,CVE-2026-85875,1,https://www.rapid7.com/blog/post/em-patch-tuesday-september-2026
cves,CVE-2026-85360,1,https://www.rapid7.com/blog/post/em-patch-tuesday-september-2026
cves,CVE-2026-85046,1,https://www.rapid7.com/blog/post/em-patch-tuesday-september-2026
cves,CVE-2026-85045,1,https://www.rapid7.com/blog/post/em-patch-tuesday-september-2026
cves,CVE-2026-84359,1,https://www.rapid7.com/blog/post/em-patch-tuesday-september-2026
cves,CVE-2026-84358,1,https://www.rapid7.com/blog/post/em-patch-tuesday-september-2026
cves,CVE-2026-84357,1,https://www.rapid7.com/blog/post/em-patch-tuesday-september-2026
cves,CVE-2026-84356,1,https://www.rapid7.com/blog/post/em-patch-tuesday-september-2026
cves,CVE-2026-84355,1,https://www.rapid7.com/blog/post/em-patch-tuesday-september-2026
cves,CVE-2026-84354,1,https://www.rapid7.com/blog/post/em-patch-tuesday-september-2026
cves,CVE-2026-84353,1,https://www.rapid7.com/blog/post/em-patch-tuesday-september-2026
cves,CVE-2026-84351,1,https://www.rapid7.com/blog/post/em-patch-tuesday-september-2026
cves,CVE-2026-84350,1,https://www.rapid7.com/blog/post/em-patch-tuesday-september-2026
cves,CVE-2026-84349,1,https://www.rapid7.com/blog/post/em-patch-tuesday-september-2026
cves,CVE-2026-84348,1,https://www.rapid7.com/blog/post/em-patch-tuesday-september-2026
cves,CVE-2026-84347,1,https://www.rapid7.com/blog/post/em-patch-tuesday-september-2026
cves,CVE-2026-84335,1,https://www.rapid7.com/blog/post/em-patch-tuesday-september-2026
cves,CVE-2026-84334,1,https://www.rapid7.com/blog/post/em-patch-tuesday-september-2026
cves,CVE-2026-84332,1,https://www.rapid7.com/blog/post/em-patch-tuesday-september-2026
cves,CVE-2026-84331,1,https://www.rapid7.com/blog/post/em-patch-tuesday-september-2026
cves,CVE-2026-84329,1,https://www.rapid7.com/blog/post/em-patch-tuesday-september-2026
cves,CVE-2026-84328,1,https://www.rapid7.com/blog/post/em-patch-tuesday-september-2026
cves,CVE-2026-84327,1,https://www.rapid7.com/blog/post/em-patch-tuesday-september-2026
cves,CVE-2026-84326,1,https://www.rapid7.com/blog/post/em-patch-tuesday-september-2026
cves,CVE-2026-84325,1,https://www.rapid7.com/blog/post/em-patch-tuesday-september-2026
cves,CVE-2026-84324,1,https://www.rapid7.com/blog/post/em-patch-tuesday-september-2026
cves,CVE-2026-84323,1,https://www.rapid7.com/blog/post/em-patch-tuesday-september-2026
cves,CVE-2026-84003,1,https://www.rapid7.com/blog/post/em-patch-tuesday-september-2026
cves,CVE-2026-84001,1,https://www.rapid7.com/blog/post/em-patch-tuesday-september-2026
cves,CVE-2026-84000,1,https://www.rapid7.com/blog/post/em-patch-tuesday-september-2026
cves,CVE-2026-83999,1,https://www.rapid7.com/blog/post/em-patch-tuesday-september-2026
cves,CVE-2026-83998,1,https://www.rapid7.com/blog/post/em-patch-tuesday-september-2026
cves,CVE-2026-83997,1,https://www.rapid7.com/blog/post/em-patch-tuesday-september-2026
cves,CVE-2026-83996,1,https://www.rapid7.com/blog/post/em-patch-tuesday-september-2026
cves,CVE-2026-83995,1,https://www.rapid7.com/blog/post/em-patch-tuesday-september-2026
cves,CVE-2026-83992,1,https://www.rapid7.com/blog/post/em-patch-tuesday-september-2026
cves,CVE-2026-83991,1,https://www.rapid7.com/blog/post/em-patch-tuesday-september-2026
cves,CVE-2026-83990,1,https://www.rapid7.com/blog/post/em-patch-tuesday-september-2026
cves,CVE-2026-83989,1,https://www.rapid7.com/blog/post/em-patch-tuesday-september-2026
cves,CVE-2026-83988,1,https://www.rapid7.com/blog/post/em-patch-tuesday-september-2026
cves,CVE-2026-83987,1,https://www.rapid7.com/blog/post/em-patch-tuesday-september-2026
cves,CVE-2026-83986,1,https://www.rapid7.com/blog/post/em-patch-tuesday-september-2026
cves,CVE-2026-83985,1,https://www.rapid7.com/blog/post/em-patch-tuesday-september-2026
cves,CVE-2026-83983,1,https://www.rapid7.com/blog/post/em-patch-tuesday-september-2026
cves,CVE-2026-83982,1,https://www.rapid7.com/blog/post/em-patch-tuesday-september-2026
cves,CVE-2026-83981,1,https://www.rapid7.com/blog/post/em-patch-tuesday-september-2026
cves,CVE-2026-83980,1,https://www.rapid7.com/blog/post/em-patch-tuesday-september-2026
cves,CVE-2026-83979,1,https://www.rapid7.com/blog/post/em-patch-tuesday-september-2026
cves,CVE-2026-83978,1,https://www.rapid7.com/blog/post/em-patch-tuesday-september-2026
cves,CVE-2026-83977,1,https://www.rapid7.com/blog/post/em-patch-tuesday-september-2026
cves,CVE-2026-83976,1,https://www.rapid7.com/blog/post/em-patch-tuesday-september-2026
cves,CVE-2026-83975,1,https://www.rapid7.com/blog/post/em-patch-tuesday-september-2026
cves,CVE-2026-83974,1,https://www.rapid7.com/blog/post/em-patch-tuesday-september-2026
cves,CVE-2026-83973,1,https://www.rapid7.com/blog/post/em-patch-tuesday-september-2026
cves,CVE-2026-83972,1,https://www.rapid7.com/blog/post/em-patch-tuesday-september-2026
cves,CVE-2026-83971,1,https://www.rapid7.com/blog/post/em-patch-tuesday-september-2026
cves,CVE-2026-83970,1,https://www.rapid7.com/blog/post/em-patch-tuesday-september-2026
cves,CVE-2026-83969,1,https://www.rapid7.com/blog/post/em-patch-tuesday-september-2026
cves,CVE-2026-83968,1,https://www.rapid7.com/blog/post/em-patch-tuesday-september-2026
cves,CVE-2026-83967,1,https://www.rapid7.com/blog/post/em-patch-tuesday-september-2026
cves,CVE-2026-83955,1,https://www.rapid7.com/blog/post/em-patch-tuesday-september-2026
cves,CVE-2026-83954,1,https://www.rapid7.com/blog/post/em-patch-tuesday-september-2026
cves,CVE-2026-83952,1,https://www.rapid7.com/blog/post/em-patch-tuesday-september-2026
cves,CVE-2026-83951,1,https://www.rapid7.com/blog/post/em-patch-tuesday-september-2026
cves,CVE-2026-83949,1,https://www.rapid7.com/blog/post/em-patch-tuesday-september-2026
cves,CVE-2026-83948,1,https://www.rapid7.com/blog/post/em-patch-tuesday-september-2026
cves,CVE-2026-83942,1,https://www.rapid7.com/blog/post/em-patch-tuesday-september-2026
cves,CVE-2026-83941,1,https://www.rapid7.com/blog/post/em-patch-tuesday-september-2026
cves,CVE-2026-83940,1,https://www.rapid7.com/blog/post/em-patch-tuesday-september-2026
cves,CVE-2026-83939,1,https://www.rapid7.com/blog/post/em-patch-tuesday-september-2026
cves,CVE-2026-83711,1,https://www.rapid7.com/blog/post/em-patch-tuesday-september-2026
cves,CVE-2026-83501,1,https://www.rapid7.com/blog/post/em-patch-tuesday-september-2026
cves,CVE-2026-83498,1,https://www.rapid7.com/blog/post/em-patch-tuesday-september-2026
cves,CVE-2026-82329,3,https://thehackernews.com/2026/09/attackers-exploit-critical-jfrog.html | https://www.darkreading.com/application-security/attackers-pounce-critical-artifactory-flaw-disclosure | https://www.securityweek.com/critical-jfrog-artifactory-vulnerability-reportedly-exploited-in-the-wild/
cves,CVE-2026-82208,1,https://www.rapid7.com/blog/post/em-patch-tuesday-september-2026
cves,CVE-2026-82078,3,https://www.cisa.gov/news-events/alerts/2026/08/31/cisa-adds-two-known-exploited-vulnerabilities-catalog | https://www.securityweek.com/more-details-emerge-on-exploited-papercut-vulnerabilities/ | https://www.securityweek.com/papercut-exploitation-escalates-to-active-intrusions/
cves,CVE-2026-81963,2,https://isc.sans.edu/diary/rss/33320 | https://www.rapid7.com/blog/post/em-patch-tuesday-september-2026
cves,CVE-2026-81960,1,https://www.rapid7.com/blog/post/em-patch-tuesday-september-2026
cves,CVE-2026-81959,1,https://www.rapid7.com/blog/post/em-patch-tuesday-september-2026
cves,CVE-2026-81958,1,https://www.rapid7.com/blog/post/em-patch-tuesday-september-2026
cves,CVE-2026-81957,1,https://www.rapid7.com/blog/post/em-patch-tuesday-september-2026
cves,CVE-2026-81956,1,https://www.rapid7.com/blog/post/em-patch-tuesday-september-2026
cves,CVE-2026-81955,1,https://www.rapid7.com/blog/post/em-patch-tuesday-september-2026
cves,CVE-2026-81954,1,https://www.rapid7.com/blog/post/em-patch-tuesday-september-2026
cves,CVE-2026-81953,1,https://www.rapid7.com/blog/post/em-patch-tuesday-september-2026
cves,CVE-2026-81952,1,https://www.rapid7.com/blog/post/em-patch-tuesday-september-2026
cves,CVE-2026-81951,1,https://www.rapid7.com/blog/post/em-patch-tuesday-september-2026
cves,CVE-2026-81950,1,https://www.rapid7.com/blog/post/em-patch-tuesday-september-2026
cves,CVE-2026-81949,1,https://www.rapid7.com/blog/post/em-patch-tuesday-september-2026
cves,CVE-2026-81948,1,https://www.rapid7.com/blog/post/em-patch-tuesday-september-2026
cves,CVE-2026-81947,1,https://www.rapid7.com/blog/post/em-patch-tuesday-september-2026
cves,CVE-2026-81578,3,https://www.cisa.gov/news-events/alerts/2026/08/31/cisa-adds-two-known-exploited-vulnerabilities-catalog | https://www.securityweek.com/more-details-emerge-on-exploited-papercut-vulnerabilities/ | https://www.securityweek.com/papercut-exploitation-escalates-to-active-intrusions/
cves,CVE-2026-81401,1,https://www.rapid7.com/blog/post/em-patch-tuesday-september-2026
cves,CVE-2026-81400,1,https://www.rapid7.com/blog/post/em-patch-tuesday-september-2026
cves,CVE-2026-81399,1,https://www.rapid7.com/blog/post/em-patch-tuesday-september-2026
cves,CVE-2026-81398,1,https://www.rapid7.com/blog/post/em-patch-tuesday-september-2026
cves,CVE-2026-81397,1,https://www.rapid7.com/blog/post/em-patch-tuesday-september-2026
cves,CVE-2026-81396,1,https://www.rapid7.com/blog/post/em-patch-tuesday-september-2026
cves,CVE-2026-81395,1,https://www.rapid7.com/blog/post/em-patch-tuesday-september-2026
cves,CVE-2026-81394,1,https://www.rapid7.com/blog/post/em-patch-tuesday-september-2026
cves,CVE-2026-81393,1,https://www.rapid7.com/blog/post/em-patch-tuesday-september-2026
cves,CVE-2026-81392,1,https://www.rapid7.com/blog/post/em-patch-tuesday-september-2026
cves,CVE-2026-81391,1,https://www.rapid7.com/blog/post/em-patch-tuesday-september-2026
cves,CVE-2026-81390,1,https://www.rapid7.com/blog/post/em-patch-tuesday-september-2026
cves,CVE-2026-81389,1,https://www.rapid7.com/blog/post/em-patch-tuesday-september-2026
cves,CVE-2026-81388,1,https://www.rapid7.com/blog/post/em-patch-tuesday-september-2026
cves,CVE-2026-81387,1,https://www.rapid7.com/blog/post/em-patch-tuesday-september-2026
cves,CVE-2026-81386,1,https://www.rapid7.com/blog/post/em-patch-tuesday-september-2026
cves,CVE-2026-81385,1,https://www.rapid7.com/blog/post/em-patch-tuesday-september-2026
cves,CVE-2026-81383,1,https://www.rapid7.com/blog/post/em-patch-tuesday-september-2026
cves,CVE-2026-81381,1,https://www.rapid7.com/blog/post/em-patch-tuesday-september-2026
cves,CVE-2026-81380,1,https://www.rapid7.com/blog/post/em-patch-tuesday-september-2026
cves,CVE-2026-81379,1,https://www.rapid7.com/blog/post/em-patch-tuesday-september-2026
cves,CVE-2026-81378,1,https://www.rapid7.com/blog/post/em-patch-tuesday-september-2026
cves,CVE-2026-81377,1,https://www.rapid7.com/blog/post/em-patch-tuesday-september-2026
cves,CVE-2026-81376,1,https://www.rapid7.com/blog/post/em-patch-tuesday-september-2026
cves,CVE-2026-81357,1,https://www.rapid7.com/blog/post/em-patch-tuesday-september-2026
cves,CVE-2026-81356,1,https://www.rapid7.com/blog/post/em-patch-tuesday-september-2026
cves,CVE-2026-81355,1,https://www.rapid7.com/blog/post/em-patch-tuesday-september-2026
cves,CVE-2026-81354,1,https://www.rapid7.com/blog/post/em-patch-tuesday-september-2026
cves,CVE-2026-81353,1,https://www.rapid7.com/blog/post/em-patch-tuesday-september-2026
cves,CVE-2026-81352,1,https://www.rapid7.com/blog/post/em-patch-tuesday-september-2026
cves,CVE-2026-81349,1,https://www.rapid7.com/blog/post/em-patch-tuesday-september-2026
cves,CVE-2026-80098,1,https://www.rapid7.com/blog/post/em-patch-tuesday-september-2026
cves,CVE-2026-80097,1,https://www.rapid7.com/blog/post/em-patch-tuesday-september-2026
cves,CVE-2026-80096,1,https://www.rapid7.com/blog/post/em-patch-tuesday-september-2026
cves,CVE-2026-80093,1,https://www.rapid7.com/blog/post/em-patch-tuesday-september-2026
cves,CVE-2026-80091,1,https://www.rapid7.com/blog/post/em-patch-tuesday-september-2026
cves,CVE-2026-80090,1,https://www.rapid7.com/blog/post/em-patch-tuesday-september-2026
cves,CVE-2026-80089,1,https://www.rapid7.com/blog/post/em-patch-tuesday-september-2026
cves,CVE-2026-80088,1,https://www.rapid7.com/blog/post/em-patch-tuesday-september-2026
cves,CVE-2026-80087,1,https://www.rapid7.com/blog/post/em-patch-tuesday-september-2026
cves,CVE-2026-80086,1,https://www.rapid7.com/blog/post/em-patch-tuesday-september-2026
cves,CVE-2026-80085,1,https://www.rapid7.com/blog/post/em-patch-tuesday-september-2026
cves,CVE-2026-80084,1,https://www.rapid7.com/blog/post/em-patch-tuesday-september-2026
cves,CVE-2026-80083,1,https://www.rapid7.com/blog/post/em-patch-tuesday-september-2026
cves,CVE-2026-80082,1,https://www.rapid7.com/blog/post/em-patch-tuesday-september-2026
cves,CVE-2026-80081,1,https://www.rapid7.com/blog/post/em-patch-tuesday-september-2026
cves,CVE-2026-80080,1,https://www.rapid7.com/blog/post/em-patch-tuesday-september-2026
cves,CVE-2026-80079,1,https://www.rapid7.com/blog/post/em-patch-tuesday-september-2026
cves,CVE-2026-80078,1,https://www.rapid7.com/blog/post/em-patch-tuesday-september-2026
cves,CVE-2026-80077,1,https://www.rapid7.com/blog/post/em-patch-tuesday-september-2026
cves,CVE-2026-80076,1,https://www.rapid7.com/blog/post/em-patch-tuesday-september-2026
cves,CVE-2026-80075,1,https://www.rapid7.com/blog/post/em-patch-tuesday-september-2026
cves,CVE-2026-80074,1,https://www.rapid7.com/blog/post/em-patch-tuesday-september-2026
cves,CVE-2026-80073,1,https://www.rapid7.com/blog/post/em-patch-tuesday-september-2026
cves,CVE-2026-78526,1,https://www.rapid7.com/blog/post/em-patch-tuesday-september-2026
cves,CVE-2026-78525,1,https://www.rapid7.com/blog/post/em-patch-tuesday-september-2026
cves,CVE-2026-78524,1,https://www.rapid7.com/blog/post/em-patch-tuesday-september-2026
cves,CVE-2026-78523,1,https://www.rapid7.com/blog/post/em-patch-tuesday-september-2026
cves,CVE-2026-78522,1,https://www.rapid7.com/blog/post/em-patch-tuesday-september-2026
cves,CVE-2026-78521,1,https://www.rapid7.com/blog/post/em-patch-tuesday-september-2026
cves,CVE-2026-78520,1,https://www.rapid7.com/blog/post/em-patch-tuesday-september-2026
cves,CVE-2026-78519,1,https://www.rapid7.com/blog/post/em-patch-tuesday-september-2026
cves,CVE-2026-78518,1,https://www.rapid7.com/blog/post/em-patch-tuesday-september-2026
cves,CVE-2026-78517,1,https://www.rapid7.com/blog/post/em-patch-tuesday-september-2026
cves,CVE-2026-78516,1,https://www.rapid7.com/blog/post/em-patch-tuesday-september-2026
cves,CVE-2026-78515,1,https://www.rapid7.com/blog/post/em-patch-tuesday-september-2026
cves,CVE-2026-78514,1,https://www.rapid7.com/blog/post/em-patch-tuesday-september-2026
cves,CVE-2026-78513,1,https://www.rapid7.com/blog/post/em-patch-tuesday-september-2026
cves,CVE-2026-78512,1,https://www.rapid7.com/blog/post/em-patch-tuesday-september-2026
cves,CVE-2026-78511,1,https://www.rapid7.com/blog/post/em-patch-tuesday-september-2026
cves,CVE-2026-78510,1,https://www.rapid7.com/blog/post/em-patch-tuesday-september-2026
cves,CVE-2026-78509,1,https://www.rapid7.com/blog/post/em-patch-tuesday-september-2026
cves,CVE-2026-78508,1,https://www.rapid7.com/blog/post/em-patch-tuesday-september-2026
cves,CVE-2026-78507,1,https://www.rapid7.com/blog/post/em-patch-tuesday-september-2026
cves,CVE-2026-78506,1,https://www.rapid7.com/blog/post/em-patch-tuesday-september-2026
cves,CVE-2026-78505,1,https://www.rapid7.com/blog/post/em-patch-tuesday-september-2026
cves,CVE-2026-78504,1,https://www.rapid7.com/blog/post/em-patch-tuesday-september-2026
cves,CVE-2026-78503,1,https://www.rapid7.com/blog/post/em-patch-tuesday-september-2026
cves,CVE-2026-78502,1,https://www.rapid7.com/blog/post/em-patch-tuesday-september-2026
cves,CVE-2026-78464,1,https://www.rapid7.com/blog/post/em-patch-tuesday-september-2026
cves,CVE-2026-78463,1,https://www.rapid7.com/blog/post/em-patch-tuesday-september-2026
cves,CVE-2026-78462,1,https://www.rapid7.com/blog/post/em-patch-tuesday-september-2026
cves,CVE-2026-78461,1,https://www.rapid7.com/blog/post/em-patch-tuesday-september-2026
cves,CVE-2026-78457,1,https://www.rapid7.com/blog/post/em-patch-tuesday-september-2026
cves,CVE-2026-78456,1,https://www.rapid7.com/blog/post/em-patch-tuesday-september-2026
cves,CVE-2026-78455,1,https://www.rapid7.com/blog/post/em-patch-tuesday-september-2026
cves,CVE-2026-78454,1,https://www.rapid7.com/blog/post/em-patch-tuesday-september-2026
cves,CVE-2026-78453,1,https://www.rapid7.com/blog/post/em-patch-tuesday-september-2026
cves,CVE-2026-78452,1,https://www.rapid7.com/blog/post/em-patch-tuesday-september-2026
cves,CVE-2026-78451,1,https://www.rapid7.com/blog/post/em-patch-tuesday-september-2026
cves,CVE-2026-78450,1,https://www.rapid7.com/blog/post/em-patch-tuesday-september-2026
cves,CVE-2026-78449,1,https://www.rapid7.com/blog/post/em-patch-tuesday-september-2026
cves,CVE-2026-78448,1,https://www.rapid7.com/blog/post/em-patch-tuesday-september-2026
cves,CVE-2026-78447,1,https://www.rapid7.com/blog/post/em-patch-tuesday-september-2026
cves,CVE-2026-78446,1,https://www.rapid7.com/blog/post/em-patch-tuesday-september-2026
cves,CVE-2026-78445,1,https://www.rapid7.com/blog/post/em-patch-tuesday-september-2026
cves,CVE-2026-78444,1,https://www.rapid7.com/blog/post/em-patch-tuesday-september-2026
cves,CVE-2026-78442,1,https://www.rapid7.com/blog/post/em-patch-tuesday-september-2026
cves,CVE-2026-78441,1,https://www.rapid7.com/blog/post/em-patch-tuesday-september-2026
cves,CVE-2026-78439,1,https://www.rapid7.com/blog/post/em-patch-tuesday-september-2026
cves,CVE-2026-77911,1,https://www.rapid7.com/blog/post/em-patch-tuesday-september-2026
cves,CVE-2026-77909,1,https://www.rapid7.com/blog/post/em-patch-tuesday-september-2026
cves,CVE-2026-77908,1,https://www.rapid7.com/blog/post/em-patch-tuesday-september-2026
cves,CVE-2026-77907,1,https://www.rapid7.com/blog/post/em-patch-tuesday-september-2026
cves,CVE-2026-77906,1,https://www.rapid7.com/blog/post/em-patch-tuesday-september-2026
cves,CVE-2026-77905,1,https://www.rapid7.com/blog/post/em-patch-tuesday-september-2026
cves,CVE-2026-77904,1,https://www.rapid7.com/blog/post/em-patch-tuesday-september-2026
cves,CVE-2026-77901,1,https://www.rapid7.com/blog/post/em-patch-tuesday-september-2026
cves,CVE-2026-77899,1,https://www.rapid7.com/blog/post/em-patch-tuesday-september-2026
cves,CVE-2026-77898,1,https://www.rapid7.com/blog/post/em-patch-tuesday-september-2026
cves,CVE-2026-77897,1,https://www.rapid7.com/blog/post/em-patch-tuesday-september-2026
cves,CVE-2026-77896,1,https://www.rapid7.com/blog/post/em-patch-tuesday-september-2026
cves,CVE-2026-77895,1,https://www.rapid7.com/blog/post/em-patch-tuesday-september-2026
cves,CVE-2026-77894,1,https://www.rapid7.com/blog/post/em-patch-tuesday-september-2026
cves,CVE-2026-77893,1,https://www.rapid7.com/blog/post/em-patch-tuesday-september-2026
cves,CVE-2026-77892,1,https://www.rapid7.com/blog/post/em-patch-tuesday-september-2026
cves,CVE-2026-77891,1,https://www.rapid7.com/blog/post/em-patch-tuesday-september-2026
cves,CVE-2026-77890,1,https://www.rapid7.com/blog/post/em-patch-tuesday-september-2026
cves,CVE-2026-77889,1,https://www.rapid7.com/blog/post/em-patch-tuesday-september-2026
cves,CVE-2026-77888,1,https://www.rapid7.com/blog/post/em-patch-tuesday-september-2026
cves,CVE-2026-77887,1,https://www.rapid7.com/blog/post/em-patch-tuesday-september-2026
cves,CVE-2026-77886,1,https://www.rapid7.com/blog/post/em-patch-tuesday-september-2026
cves,CVE-2026-77505,1,https://www.rapid7.com/blog/post/em-patch-tuesday-september-2026
cves,CVE-2026-77504,1,https://www.rapid7.com/blog/post/em-patch-tuesday-september-2026
cves,CVE-2026-77503,1,https://www.rapid7.com/blog/post/em-patch-tuesday-september-2026
cves,CVE-2026-77502,1,https://www.rapid7.com/blog/post/em-patch-tuesday-september-2026
cves,CVE-2026-77501,1,https://www.rapid7.com/blog/post/em-patch-tuesday-september-2026
cves,CVE-2026-77500,1,https://www.rapid7.com/blog/post/em-patch-tuesday-september-2026
cves,CVE-2026-77499,1,https://www.rapid7.com/blog/post/em-patch-tuesday-september-2026
cves,CVE-2026-77498,1,https://www.rapid7.com/blog/post/em-patch-tuesday-september-2026
cves,CVE-2026-77495,1,https://www.rapid7.com/blog/post/em-patch-tuesday-september-2026
cves,CVE-2026-77494,1,https://www.rapid7.com/blog/post/em-patch-tuesday-september-2026
cves,CVE-2026-77493,1,https://www.rapid7.com/blog/post/em-patch-tuesday-september-2026
cves,CVE-2026-77492,1,https://www.rapid7.com/blog/post/em-patch-tuesday-september-2026
cves,CVE-2026-77491,1,https://www.rapid7.com/blog/post/em-patch-tuesday-september-2026
cves,CVE-2026-77489,1,https://www.rapid7.com/blog/post/em-patch-tuesday-september-2026
cves,CVE-2026-77488,1,https://www.rapid7.com/blog/post/em-patch-tuesday-september-2026
cves,CVE-2026-77487,1,https://www.rapid7.com/blog/post/em-patch-tuesday-september-2026
cves,CVE-2026-77486,1,https://www.rapid7.com/blog/post/em-patch-tuesday-september-2026
cves,CVE-2026-77485,1,https://www.rapid7.com/blog/post/em-patch-tuesday-september-2026
cves,CVE-2026-77484,1,https://www.rapid7.com/blog/post/em-patch-tuesday-september-2026
cves,CVE-2026-77483,1,https://www.rapid7.com/blog/post/em-patch-tuesday-september-2026
cves,CVE-2026-77482,1,https://www.rapid7.com/blog/post/em-patch-tuesday-september-2026
cves,CVE-2026-77481,1,https://www.rapid7.com/blog/post/em-patch-tuesday-september-2026
cves,CVE-2026-77480,1,https://www.rapid7.com/blog/post/em-patch-tuesday-september-2026
cves,CVE-2026-73029,1,https://www.rapid7.com/blog/post/em-patch-tuesday-september-2026
cves,CVE-2026-73028,1,https://www.rapid7.com/blog/post/em-patch-tuesday-september-2026
cves,CVE-2026-73026,1,https://www.rapid7.com/blog/post/em-patch-tuesday-september-2026
cves,CVE-2026-73025,1,https://www.rapid7.com/blog/post/em-patch-tuesday-september-2026
cves,CVE-2026-73024,1,https://www.rapid7.com/blog/post/em-patch-tuesday-september-2026
cves,CVE-2026-73023,1,https://www.rapid7.com/blog/post/em-patch-tuesday-september-2026
cves,CVE-2026-73022,1,https://www.rapid7.com/blog/post/em-patch-tuesday-september-2026
cves,CVE-2026-73021,1,https://www.rapid7.com/blog/post/em-patch-tuesday-september-2026
cves,CVE-2026-73020,1,https://www.rapid7.com/blog/post/em-patch-tuesday-september-2026
cves,CVE-2026-73019,1,https://www.rapid7.com/blog/post/em-patch-tuesday-september-2026
cves,CVE-2026-73018,1,https://www.rapid7.com/blog/post/em-patch-tuesday-september-2026
cves,CVE-2026-73017,1,https://www.rapid7.com/blog/post/em-patch-tuesday-september-2026
cves,CVE-2026-73016,1,https://www.rapid7.com/blog/post/em-patch-tuesday-september-2026
cves,CVE-2026-73015,1,https://www.rapid7.com/blog/post/em-patch-tuesday-september-2026
cves,CVE-2026-73014,1,https://www.rapid7.com/blog/post/em-patch-tuesday-september-2026
cves,CVE-2026-73013,1,https://www.rapid7.com/blog/post/em-patch-tuesday-september-2026
cves,CVE-2026-73012,1,https://www.rapid7.com/blog/post/em-patch-tuesday-september-2026
cves,CVE-2026-73011,1,https://www.rapid7.com/blog/post/em-patch-tuesday-september-2026
cves,CVE-2026-73010,1,https://www.rapid7.com/blog/post/em-patch-tuesday-september-2026
cves,CVE-2026-73009,1,https://www.rapid7.com/blog/post/em-patch-tuesday-september-2026
cves,CVE-2026-73008,1,https://www.rapid7.com/blog/post/em-patch-tuesday-september-2026
cves,CVE-2026-73007,1,https://www.rapid7.com/blog/post/em-patch-tuesday-september-2026
cves,CVE-2026-73006,1,https://www.rapid7.com/blog/post/em-patch-tuesday-september-2026
cves,CVE-2026-73005,1,https://www.rapid7.com/blog/post/em-patch-tuesday-september-2026
cves,CVE-2026-73004,1,https://www.rapid7.com/blog/post/em-patch-tuesday-september-2026
cves,CVE-2026-73003,1,https://www.rapid7.com/blog/post/em-patch-tuesday-september-2026
cves,CVE-2026-73002,1,https://www.rapid7.com/blog/post/em-patch-tuesday-september-2026
cves,CVE-2026-73001,1,https://www.rapid7.com/blog/post/em-patch-tuesday-september-2026
cves,CVE-2026-73000,1,https://www.rapid7.com/blog/post/em-patch-tuesday-september-2026
cves,CVE-2026-72999,1,https://www.rapid7.com/blog/post/em-patch-tuesday-september-2026
cves,CVE-2026-72997,1,https://www.rapid7.com/blog/post/em-patch-tuesday-september-2026
cves,CVE-2026-72996,1,https://www.rapid7.com/blog/post/em-patch-tuesday-september-2026
cves,CVE-2026-72995,1,https://www.rapid7.com/blog/post/em-patch-tuesday-september-2026
cves,CVE-2026-72994,1,https://www.rapid7.com/blog/post/em-patch-tuesday-september-2026
cves,CVE-2026-72993,1,https://www.rapid7.com/blog/post/em-patch-tuesday-september-2026
cves,CVE-2026-72992,1,https://www.rapid7.com/blog/post/em-patch-tuesday-september-2026
cves,CVE-2026-72991,1,https://www.rapid7.com/blog/post/em-patch-tuesday-september-2026
cves,CVE-2026-72990,1,https://www.rapid7.com/blog/post/em-patch-tuesday-september-2026
cves,CVE-2026-72989,1,https://www.rapid7.com/blog/post/em-patch-tuesday-september-2026
cves,CVE-2026-72988,1,https://www.rapid7.com/blog/post/em-patch-tuesday-september-2026
cves,CVE-2026-72987,1,https://www.rapid7.com/blog/post/em-patch-tuesday-september-2026
cves,CVE-2026-72986,1,https://www.rapid7.com/blog/post/em-patch-tuesday-september-2026
cves,CVE-2026-72985,1,https://www.rapid7.com/blog/post/em-patch-tuesday-september-2026
cves,CVE-2026-72983,1,https://www.rapid7.com/blog/post/em-patch-tuesday-september-2026
cves,CVE-2026-72982,1,https://www.rapid7.com/blog/post/em-patch-tuesday-september-2026
cves,CVE-2026-72981,1,https://www.rapid7.com/blog/post/em-patch-tuesday-september-2026
cves,CVE-2026-72980,1,https://www.rapid7.com/blog/post/em-patch-tuesday-september-2026
cves,CVE-2026-72979,1,https://www.rapid7.com/blog/post/em-patch-tuesday-september-2026
cves,CVE-2026-72978,1,https://www.rapid7.com/blog/post/em-patch-tuesday-september-2026
cves,CVE-2026-72977,1,https://www.rapid7.com/blog/post/em-patch-tuesday-september-2026
cves,CVE-2026-72976,1,https://www.rapid7.com/blog/post/em-patch-tuesday-september-2026
cves,CVE-2026-72975,1,https://www.rapid7.com/blog/post/em-patch-tuesday-september-2026
cves,CVE-2026-72974,1,https://www.rapid7.com/blog/post/em-patch-tuesday-september-2026
cves,CVE-2026-72973,1,https://www.rapid7.com/blog/post/em-patch-tuesday-september-2026
cves,CVE-2026-72972,1,https://www.rapid7.com/blog/post/em-patch-tuesday-september-2026
cves,CVE-2026-72967,1,https://www.rapid7.com/blog/post/em-patch-tuesday-september-2026
cves,CVE-2026-72966,1,https://www.rapid7.com/blog/post/em-patch-tuesday-september-2026
cves,CVE-2026-72965,1,https://www.rapid7.com/blog/post/em-patch-tuesday-september-2026
cves,CVE-2026-72964,1,https://www.rapid7.com/blog/post/em-patch-tuesday-september-2026
cves,CVE-2026-72963,1,https://www.rapid7.com/blog/post/em-patch-tuesday-september-2026
cves,CVE-2026-72962,1,https://www.rapid7.com/blog/post/em-patch-tuesday-september-2026
cves,CVE-2026-72961,1,https://www.rapid7.com/blog/post/em-patch-tuesday-september-2026
cves,CVE-2026-72960,1,https://www.rapid7.com/blog/post/em-patch-tuesday-september-2026
cves,CVE-2026-72959,1,https://www.rapid7.com/blog/post/em-patch-tuesday-september-2026
cves,CVE-2026-72958,1,https://www.rapid7.com/blog/post/em-patch-tuesday-september-2026
cves,CVE-2026-72957,1,https://www.rapid7.com/blog/post/em-patch-tuesday-september-2026
cves,CVE-2026-72956,1,https://www.rapid7.com/blog/post/em-patch-tuesday-september-2026
cves,CVE-2026-72954,1,https://www.rapid7.com/blog/post/em-patch-tuesday-september-2026
cves,CVE-2026-72953,1,https://www.rapid7.com/blog/post/em-patch-tuesday-september-2026
cves,CVE-2026-72952,1,https://www.rapid7.com/blog/post/em-patch-tuesday-september-2026
cves,CVE-2026-72950,1,https://www.rapid7.com/blog/post/em-patch-tuesday-september-2026
cves,CVE-2026-72949,1,https://www.rapid7.com/blog/post/em-patch-tuesday-september-2026
cves,CVE-2026-72948,1,https://www.rapid7.com/blog/post/em-patch-tuesday-september-2026
cves,CVE-2026-72947,1,https://www.rapid7.com/blog/post/em-patch-tuesday-september-2026
cves,CVE-2026-72946,1,https://www.rapid7.com/blog/post/em-patch-tuesday-september-2026
cves,CVE-2026-72945,1,https://www.rapid7.com/blog/post/em-patch-tuesday-september-2026
cves,CVE-2026-72944,1,https://www.rapid7.com/blog/post/em-patch-tuesday-september-2026
cves,CVE-2026-72943,1,https://www.rapid7.com/blog/post/em-patch-tuesday-september-2026
cves,CVE-2026-72942,1,https://www.rapid7.com/blog/post/em-patch-tuesday-september-2026
cves,CVE-2026-72941,1,https://www.rapid7.com/blog/post/em-patch-tuesday-september-2026
cves,CVE-2026-72940,1,https://www.rapid7.com/blog/post/em-patch-tuesday-september-2026
cves,CVE-2026-72939,1,https://www.rapid7.com/blog/post/em-patch-tuesday-september-2026
cves,CVE-2026-72938,1,https://www.rapid7.com/blog/post/em-patch-tuesday-september-2026
cves,CVE-2026-72937,1,https://www.rapid7.com/blog/post/em-patch-tuesday-september-2026
cves,CVE-2026-72936,1,https://www.rapid7.com/blog/post/em-patch-tuesday-september-2026
cves,CVE-2026-72935,1,https://www.rapid7.com/blog/post/em-patch-tuesday-september-2026
cves,CVE-2026-72933,1,https://www.rapid7.com/blog/post/em-patch-tuesday-september-2026
cves,CVE-2026-72932,1,https://www.rapid7.com/blog/post/em-patch-tuesday-september-2026
cves,CVE-2026-72931,1,https://www.rapid7.com/blog/post/em-patch-tuesday-september-2026
cves,CVE-2026-72930,1,https://www.rapid7.com/blog/post/em-patch-tuesday-september-2026
cves,CVE-2026-72929,1,https://www.rapid7.com/blog/post/em-patch-tuesday-september-2026
cves,CVE-2026-72928,1,https://www.rapid7.com/blog/post/em-patch-tuesday-september-2026
cves,CVE-2026-72927,1,https://www.rapid7.com/blog/post/em-patch-tuesday-september-2026
cves,CVE-2026-72926,1,https://www.rapid7.com/blog/post/em-patch-tuesday-september-2026
cves,CVE-2026-71353,1,https://www.rapid7.com/blog/post/em-patch-tuesday-september-2026
cves,CVE-2026-71352,1,https://www.rapid7.com/blog/post/em-patch-tuesday-september-2026
cves,CVE-2026-71351,1,https://www.rapid7.com/blog/post/em-patch-tuesday-september-2026
cves,CVE-2026-71350,1,https://www.rapid7.com/blog/post/em-patch-tuesday-september-2026
cves,CVE-2026-71349,1,https://www.rapid7.com/blog/post/em-patch-tuesday-september-2026
cves,CVE-2026-71348,1,https://www.rapid7.com/blog/post/em-patch-tuesday-september-2026
cves,CVE-2026-71345,1,https://www.rapid7.com/blog/post/em-patch-tuesday-september-2026
cves,CVE-2026-71343,1,https://www.rapid7.com/blog/post/em-patch-tuesday-september-2026
cves,CVE-2026-71342,1,https://www.rapid7.com/blog/post/em-patch-tuesday-september-2026
cves,CVE-2026-71341,1,https://www.rapid7.com/blog/post/em-patch-tuesday-september-2026
cves,CVE-2026-71340,1,https://www.rapid7.com/blog/post/em-patch-tuesday-september-2026
cves,CVE-2026-71339,1,https://www.rapid7.com/blog/post/em-patch-tuesday-september-2026
cves,CVE-2026-71338,1,https://www.rapid7.com/blog/post/em-patch-tuesday-september-2026
cves,CVE-2026-71337,1,https://www.rapid7.com/blog/post/em-patch-tuesday-september-2026
cves,CVE-2026-71336,1,https://www.rapid7.com/blog/post/em-patch-tuesday-september-2026
cves,CVE-2026-71334,1,https://www.rapid7.com/blog/post/em-patch-tuesday-september-2026
cves,CVE-2026-71333,1,https://www.rapid7.com/blog/post/em-patch-tuesday-september-2026
cves,CVE-2026-71332,1,https://www.rapid7.com/blog/post/em-patch-tuesday-september-2026
cves,CVE-2026-71330,1,https://www.rapid7.com/blog/post/em-patch-tuesday-september-2026
cves,CVE-2026-71329,1,https://www.rapid7.com/blog/post/em-patch-tuesday-september-2026
cves,CVE-2026-71328,1,https://www.rapid7.com/blog/post/em-patch-tuesday-september-2026
cves,CVE-2026-70587,1,https://www.rapid7.com/blog/post/em-patch-tuesday-september-2026
cves,CVE-2026-70586,1,https://www.rapid7.com/blog/post/em-patch-tuesday-september-2026
cves,CVE-2026-70585,1,https://www.rapid7.com/blog/post/em-patch-tuesday-september-2026
cves,CVE-2026-70584,1,https://www.rapid7.com/blog/post/em-patch-tuesday-september-2026
cves,CVE-2026-70583,1,https://www.rapid7.com/blog/post/em-patch-tuesday-september-2026
cves,CVE-2026-70582,1,https://www.rapid7.com/blog/post/em-patch-tuesday-september-2026
cves,CVE-2026-70581,1,https://www.rapid7.com/blog/post/em-patch-tuesday-september-2026
cves,CVE-2026-70579,1,https://www.rapid7.com/blog/post/em-patch-tuesday-september-2026
cves,CVE-2026-70578,1,https://www.rapid7.com/blog/post/em-patch-tuesday-september-2026
cves,CVE-2026-70577,1,https://www.rapid7.com/blog/post/em-patch-tuesday-september-2026
cves,CVE-2026-70575,1,https://www.rapid7.com/blog/post/em-patch-tuesday-september-2026
cves,CVE-2026-70574,1,https://www.rapid7.com/blog/post/em-patch-tuesday-september-2026
cves,CVE-2026-70573,1,https://www.rapid7.com/blog/post/em-patch-tuesday-september-2026
cves,CVE-2026-70572,1,https://www.rapid7.com/blog/post/em-patch-tuesday-september-2026
cves,CVE-2026-70570,1,https://www.rapid7.com/blog/post/em-patch-tuesday-september-2026
cves,CVE-2026-70569,1,https://www.rapid7.com/blog/post/em-patch-tuesday-september-2026
cves,CVE-2026-70568,1,https://www.rapid7.com/blog/post/em-patch-tuesday-september-2026
cves,CVE-2026-70567,1,https://www.rapid7.com/blog/post/em-patch-tuesday-september-2026
cves,CVE-2026-70565,1,https://www.rapid7.com/blog/post/em-patch-tuesday-september-2026
cves,CVE-2026-70564,1,https://www.rapid7.com/blog/post/em-patch-tuesday-september-2026
cves,CVE-2026-70563,1,https://www.rapid7.com/blog/post/em-patch-tuesday-september-2026
cves,CVE-2026-70562,1,https://www.rapid7.com/blog/post/em-patch-tuesday-september-2026
cves,CVE-2026-70352,1,https://www.rapid7.com/blog/post/em-patch-tuesday-september-2026
cves,CVE-2026-70351,1,https://www.rapid7.com/blog/post/em-patch-tuesday-september-2026
cves,CVE-2026-70342,1,https://www.rapid7.com/blog/post/em-patch-tuesday-september-2026
cves,CVE-2026-70334,1,https://www.rapid7.com/blog/post/em-patch-tuesday-september-2026
cves,CVE-2026-70296,1,https://www.rapid7.com/blog/post/em-patch-tuesday-september-2026
cves,CVE-2026-70290,1,https://www.rapid7.com/blog/post/em-patch-tuesday-september-2026
cves,CVE-2026-70289,1,https://www.rapid7.com/blog/post/em-patch-tuesday-september-2026
cves,CVE-2026-70283,1,https://www.rapid7.com/blog/post/em-patch-tuesday-september-2026
cves,CVE-2026-70203,1,https://www.rapid7.com/blog/post/em-patch-tuesday-september-2026
cves,CVE-2026-70178,1,https://www.rapid7.com/blog/post/em-patch-tuesday-september-2026
cves,CVE-2026-70145,1,https://www.rapid7.com/blog/post/em-patch-tuesday-september-2026
cves,CVE-2026-70124,1,https://www.rapid7.com/blog/post/em-patch-tuesday-september-2026
cves,CVE-2026-70091,1,https://www.rapid7.com/blog/post/em-patch-tuesday-september-2026
cves,CVE-2026-70065,1,https://www.rapid7.com/blog/post/em-patch-tuesday-september-2026
cves,CVE-2026-70019,1,https://www.rapid7.com/blog/post/em-patch-tuesday-september-2026
cves,CVE-2026-69989,1,https://www.rapid7.com/blog/post/em-patch-tuesday-september-2026
cves,CVE-2026-69930,1,https://www.rapid7.com/blog/post/em-patch-tuesday-september-2026
cves,CVE-2026-69929,1,https://www.rapid7.com/blog/post/em-patch-tuesday-september-2026
cves,CVE-2026-69921,1,https://www.rapid7.com/blog/post/em-patch-tuesday-september-2026
cves,CVE-2026-69911,1,https://www.rapid7.com/blog/post/em-patch-tuesday-september-2026
cves,CVE-2026-69910,1,https://www.rapid7.com/blog/post/em-patch-tuesday-september-2026
cves,CVE-2026-69907,1,https://www.rapid7.com/blog/post/em-patch-tuesday-september-2026
cves,CVE-2026-69906,1,https://www.rapid7.com/blog/post/em-patch-tuesday-september-2026
cves,CVE-2026-69904,1,https://www.rapid7.com/blog/post/em-patch-tuesday-september-2026
cves,CVE-2026-69900,1,https://www.rapid7.com/blog/post/em-patch-tuesday-september-2026
cves,CVE-2026-69896,1,https://www.rapid7.com/blog/post/em-patch-tuesday-september-2026
cves,CVE-2026-69895,1,https://www.rapid7.com/blog/post/em-patch-tuesday-september-2026
cves,CVE-2026-69891,1,https://www.rapid7.com/blog/post/em-patch-tuesday-september-2026
cves,CVE-2026-69890,1,https://www.rapid7.com/blog/post/em-patch-tuesday-september-2026
cves,CVE-2026-69889,1,https://www.rapid7.com/blog/post/em-patch-tuesday-september-2026
cves,CVE-2026-69881,1,https://www.rapid7.com/blog/post/em-patch-tuesday-september-2026
cves,CVE-2026-69878,1,https://www.rapid7.com/blog/post/em-patch-tuesday-september-2026
cves,CVE-2026-69876,1,https://www.rapid7.com/blog/post/em-patch-tuesday-september-2026
cves,CVE-2026-69875,1,https://www.rapid7.com/blog/post/em-patch-tuesday-september-2026
cves,CVE-2026-69874,1,https://www.rapid7.com/blog/post/em-patch-tuesday-september-2026
cves,CVE-2026-69866,1,https://www.rapid7.com/blog/post/em-patch-tuesday-september-2026
cves,CVE-2026-69864,1,https://www.rapid7.com/blog/post/em-patch-tuesday-september-2026
cves,CVE-2026-69862,1,https://www.rapid7.com/blog/post/em-patch-tuesday-september-2026
cves,CVE-2026-69860,1,https://www.rapid7.com/blog/post/em-patch-tuesday-september-2026
cves,CVE-2026-69859,1,https://www.rapid7.com/blog/post/em-patch-tuesday-september-2026
cves,CVE-2026-69858,1,https://www.rapid7.com/blog/post/em-patch-tuesday-september-2026
cves,CVE-2026-69857,1,https://www.rapid7.com/blog/post/em-patch-tuesday-september-2026
cves,CVE-2026-69854,1,https://www.rapid7.com/blog/post/em-patch-tuesday-september-2026
cves,CVE-2026-69853,1,https://www.rapid7.com/blog/post/em-patch-tuesday-september-2026
cves,CVE-2026-69852,1,https://www.rapid7.com/blog/post/em-patch-tuesday-september-2026
cves,CVE-2026-69847,1,https://www.rapid7.com/blog/post/em-patch-tuesday-september-2026
cves,CVE-2026-69846,1,https://www.rapid7.com/blog/post/em-patch-tuesday-september-2026
cves,CVE-2026-69845,1,https://www.rapid7.com/blog/post/em-patch-tuesday-september-2026
cves,CVE-2026-69844,1,https://www.rapid7.com/blog/post/em-patch-tuesday-september-2026
cves,CVE-2026-69841,1,https://www.rapid7.com/blog/post/em-patch-tuesday-september-2026
cves,CVE-2026-69839,1,https://www.rapid7.com/blog/post/em-patch-tuesday-september-2026
cves,CVE-2026-69838,1,https://www.rapid7.com/blog/post/em-patch-tuesday-september-2026
cves,CVE-2026-69834,1,https://www.rapid7.com/blog/post/em-patch-tuesday-september-2026
cves,CVE-2026-69832,1,https://www.rapid7.com/blog/post/em-patch-tuesday-september-2026
cves,CVE-2026-69829,1,https://www.rapid7.com/blog/post/em-patch-tuesday-september-2026
cves,CVE-2026-69827,1,https://www.rapid7.com/blog/post/em-patch-tuesday-september-2026
cves,CVE-2026-69826,1,https://www.rapid7.com/blog/post/em-patch-tuesday-september-2026
cves,CVE-2026-69824,1,https://www.rapid7.com/blog/post/em-patch-tuesday-september-2026
cves,CVE-2026-69822,1,https://www.rapid7.com/blog/post/em-patch-tuesday-september-2026
cves,CVE-2026-69821,1,https://www.rapid7.com/blog/post/em-patch-tuesday-september-2026
cves,CVE-2026-69820,1,https://www.rapid7.com/blog/post/em-patch-tuesday-september-2026
cves,CVE-2026-69819,1,https://www.rapid7.com/blog/post/em-patch-tuesday-september-2026
cves,CVE-2026-69818,1,https://www.rapid7.com/blog/post/em-patch-tuesday-september-2026
cves,CVE-2026-69817,1,https://www.rapid7.com/blog/post/em-patch-tuesday-september-2026
cves,CVE-2026-69816,1,https://www.rapid7.com/blog/post/em-patch-tuesday-september-2026
cves,CVE-2026-69814,1,https://www.rapid7.com/blog/post/em-patch-tuesday-september-2026
cves,CVE-2026-69813,1,https://www.rapid7.com/blog/post/em-patch-tuesday-september-2026
cves,CVE-2026-69809,1,https://www.rapid7.com/blog/post/em-patch-tuesday-september-2026
cves,CVE-2026-69808,1,https://www.rapid7.com/blog/post/em-patch-tuesday-september-2026
cves,CVE-2026-69807,1,https://www.rapid7.com/blog/post/em-patch-tuesday-september-2026
cves,CVE-2026-69806,1,https://www.rapid7.com/blog/post/em-patch-tuesday-september-2026
cves,CVE-2026-69805,1,https://www.rapid7.com/blog/post/em-patch-tuesday-september-2026
cves,CVE-2026-69804,1,https://www.rapid7.com/blog/post/em-patch-tuesday-september-2026
cves,CVE-2026-69803,1,https://www.rapid7.com/blog/post/em-patch-tuesday-september-2026
cves,CVE-2026-69801,1,https://www.rapid7.com/blog/post/em-patch-tuesday-september-2026
cves,CVE-2026-69799,1,https://www.rapid7.com/blog/post/em-patch-tuesday-september-2026
cves,CVE-2026-69797,1,https://www.rapid7.com/blog/post/em-patch-tuesday-september-2026
cves,CVE-2026-69794,1,https://www.rapid7.com/blog/post/em-patch-tuesday-september-2026
cves,CVE-2026-69793,1,https://www.rapid7.com/blog/post/em-patch-tuesday-september-2026
cves,CVE-2026-69792,1,https://www.rapid7.com/blog/post/em-patch-tuesday-september-2026
cves,CVE-2026-69791,1,https://www.rapid7.com/blog/post/em-patch-tuesday-september-2026
cves,CVE-2026-69790,1,https://www.rapid7.com/blog/post/em-patch-tuesday-september-2026
cves,CVE-2026-69787,1,https://www.rapid7.com/blog/post/em-patch-tuesday-september-2026
cves,CVE-2026-69786,1,https://www.rapid7.com/blog/post/em-patch-tuesday-september-2026
cves,CVE-2026-69785,1,https://www.rapid7.com/blog/post/em-patch-tuesday-september-2026
cves,CVE-2026-69784,1,https://www.rapid7.com/blog/post/em-patch-tuesday-september-2026
cves,CVE-2026-69782,1,https://www.rapid7.com/blog/post/em-patch-tuesday-september-2026
cves,CVE-2026-69781,1,https://www.rapid7.com/blog/post/em-patch-tuesday-september-2026
cves,CVE-2026-69779,1,https://www.rapid7.com/blog/post/em-patch-tuesday-september-2026
cves,CVE-2026-69778,1,https://www.rapid7.com/blog/post/em-patch-tuesday-september-2026
cves,CVE-2026-69777,1,https://www.rapid7.com/blog/post/em-patch-tuesday-september-2026
cves,CVE-2026-69775,1,https://www.rapid7.com/blog/post/em-patch-tuesday-september-2026
cves,CVE-2026-69773,1,https://www.rapid7.com/blog/post/em-patch-tuesday-september-2026
cves,CVE-2026-69772,1,https://www.rapid7.com/blog/post/em-patch-tuesday-september-2026
cves,CVE-2026-69771,1,https://www.rapid7.com/blog/post/em-patch-tuesday-september-2026
cves,CVE-2026-69770,1,https://www.rapid7.com/blog/post/em-patch-tuesday-september-2026
cves,CVE-2026-69769,1,https://www.rapid7.com/blog/post/em-patch-tuesday-september-2026
cves,CVE-2026-69768,1,https://www.rapid7.com/blog/post/em-patch-tuesday-september-2026
cves,CVE-2026-69767,1,https://www.rapid7.com/blog/post/em-patch-tuesday-september-2026
cves,CVE-2026-69764,1,https://www.rapid7.com/blog/post/em-patch-tuesday-september-2026
cves,CVE-2026-69762,1,https://www.rapid7.com/blog/post/em-patch-tuesday-september-2026
cves,CVE-2026-69761,1,https://www.rapid7.com/blog/post/em-patch-tuesday-september-2026
cves,CVE-2026-69760,1,https://www.rapid7.com/blog/post/em-patch-tuesday-september-2026
cves,CVE-2026-69759,1,https://www.rapid7.com/blog/post/em-patch-tuesday-september-2026
cves,CVE-2026-69758,1,https://www.rapid7.com/blog/post/em-patch-tuesday-september-2026
cves,CVE-2026-69757,1,https://www.rapid7.com/blog/post/em-patch-tuesday-september-2026
cves,CVE-2026-69744,1,https://www.rapid7.com/blog/post/em-patch-tuesday-september-2026
cves,CVE-2026-69742,1,https://www.rapid7.com/blog/post/em-patch-tuesday-september-2026
cves,CVE-2026-69741,1,https://www.rapid7.com/blog/post/em-patch-tuesday-september-2026
cves,CVE-2026-69740,1,https://www.rapid7.com/blog/post/em-patch-tuesday-september-2026
cves,CVE-2026-69739,1,https://www.rapid7.com/blog/post/em-patch-tuesday-september-2026
cves,CVE-2026-69738,1,https://www.rapid7.com/blog/post/em-patch-tuesday-september-2026
cves,CVE-2026-69735,1,https://www.rapid7.com/blog/post/em-patch-tuesday-september-2026
cves,CVE-2026-69734,1,https://www.rapid7.com/blog/post/em-patch-tuesday-september-2026
cves,CVE-2026-69732,1,https://www.rapid7.com/blog/post/em-patch-tuesday-september-2026
cves,CVE-2026-69731,1,https://www.rapid7.com/blog/post/em-patch-tuesday-september-2026
cves,CVE-2026-69730,1,https://www.rapid7.com/blog/post/em-patch-tuesday-september-2026
cves,CVE-2026-69729,1,https://www.rapid7.com/blog/post/em-patch-tuesday-september-2026
cves,CVE-2026-69727,1,https://www.rapid7.com/blog/post/em-patch-tuesday-september-2026
cves,CVE-2026-69725,1,https://www.rapid7.com/blog/post/em-patch-tuesday-september-2026
cves,CVE-2026-69724,1,https://www.rapid7.com/blog/post/em-patch-tuesday-september-2026
cves,CVE-2026-69723,1,https://www.rapid7.com/blog/post/em-patch-tuesday-september-2026
cves,CVE-2026-69722,1,https://www.rapid7.com/blog/post/em-patch-tuesday-september-2026
cves,CVE-2026-69720,1,https://www.rapid7.com/blog/post/em-patch-tuesday-september-2026
cves,CVE-2026-69719,1,https://www.rapid7.com/blog/post/em-patch-tuesday-september-2026
cves,CVE-2026-69717,1,https://www.rapid7.com/blog/post/em-patch-tuesday-september-2026
cves,CVE-2026-69716,1,https://www.rapid7.com/blog/post/em-patch-tuesday-september-2026
cves,CVE-2026-69715,1,https://www.rapid7.com/blog/post/em-patch-tuesday-september-2026
cves,CVE-2026-69714,1,https://www.rapid7.com/blog/post/em-patch-tuesday-september-2026
cves,CVE-2026-69713,1,https://www.rapid7.com/blog/post/em-patch-tuesday-september-2026
cves,CVE-2026-69712,1,https://www.rapid7.com/blog/post/em-patch-tuesday-september-2026
cves,CVE-2026-69711,1,https://www.rapid7.com/blog/post/em-patch-tuesday-september-2026
cves,CVE-2026-69710,1,https://www.rapid7.com/blog/post/em-patch-tuesday-september-2026
cves,CVE-2026-69709,1,https://www.rapid7.com/blog/post/em-patch-tuesday-september-2026
cves,CVE-2026-69708,1,https://www.rapid7.com/blog/post/em-patch-tuesday-september-2026
cves,CVE-2026-69707,1,https://www.rapid7.com/blog/post/em-patch-tuesday-september-2026
cves,CVE-2026-69706,1,https://www.rapid7.com/blog/post/em-patch-tuesday-september-2026
cves,CVE-2026-69694,1,https://www.rapid7.com/blog/post/em-patch-tuesday-september-2026
cves,CVE-2026-69693,1,https://www.rapid7.com/blog/post/em-patch-tuesday-september-2026
cves,CVE-2026-69692,1,https://www.rapid7.com/blog/post/em-patch-tuesday-september-2026
cves,CVE-2026-69691,1,https://www.rapid7.com/blog/post/em-patch-tuesday-september-2026
cves,CVE-2026-69690,1,https://www.rapid7.com/blog/post/em-patch-tuesday-september-2026
cves,CVE-2026-69689,1,https://www.rapid7.com/blog/post/em-patch-tuesday-september-2026
cves,CVE-2026-69688,1,https://www.rapid7.com/blog/post/em-patch-tuesday-september-2026
cves,CVE-2026-69687,1,https://www.rapid7.com/blog/post/em-patch-tuesday-september-2026
cves,CVE-2026-69686,1,https://www.rapid7.com/blog/post/em-patch-tuesday-september-2026
cves,CVE-2026-69685,1,https://www.rapid7.com/blog/post/em-patch-tuesday-september-2026
cves,CVE-2026-69684,1,https://www.rapid7.com/blog/post/em-patch-tuesday-september-2026
cves,CVE-2026-69683,1,https://www.rapid7.com/blog/post/em-patch-tuesday-september-2026
cves,CVE-2026-69682,1,https://www.rapid7.com/blog/post/em-patch-tuesday-september-2026
cves,CVE-2026-69681,1,https://www.rapid7.com/blog/post/em-patch-tuesday-september-2026
cves,CVE-2026-69680,1,https://www.rapid7.com/blog/post/em-patch-tuesday-september-2026
cves,CVE-2026-69679,1,https://www.rapid7.com/blog/post/em-patch-tuesday-september-2026
cves,CVE-2026-69678,1,https://www.rapid7.com/blog/post/em-patch-tuesday-september-2026
cves,CVE-2026-69676,1,https://www.rapid7.com/blog/post/em-patch-tuesday-september-2026
cves,CVE-2026-69674,1,https://www.rapid7.com/blog/post/em-patch-tuesday-september-2026
cves,CVE-2026-69672,1,https://www.rapid7.com/blog/post/em-patch-tuesday-september-2026
cves,CVE-2026-69671,1,https://www.rapid7.com/blog/post/em-patch-tuesday-september-2026
cves,CVE-2026-69669,1,https://www.rapid7.com/blog/post/em-patch-tuesday-september-2026
cves,CVE-2026-69654,1,https://www.rapid7.com/blog/post/em-patch-tuesday-september-2026
cves,CVE-2026-69652,1,https://www.rapid7.com/blog/post/em-patch-tuesday-september-2026
cves,CVE-2026-69649,1,https://www.rapid7.com/blog/post/em-patch-tuesday-september-2026
cves,CVE-2026-69648,1,https://www.rapid7.com/blog/post/em-patch-tuesday-september-2026
cves,CVE-2026-69646,1,https://www.rapid7.com/blog/post/em-patch-tuesday-september-2026
cves,CVE-2026-69645,1,https://www.rapid7.com/blog/post/em-patch-tuesday-september-2026
cves,CVE-2026-69643,1,https://www.rapid7.com/blog/post/em-patch-tuesday-september-2026
cves,CVE-2026-69642,1,https://www.rapid7.com/blog/post/em-patch-tuesday-september-2026
cves,CVE-2026-69641,1,https://www.rapid7.com/blog/post/em-patch-tuesday-september-2026
cves,CVE-2026-69638,1,https://www.rapid7.com/blog/post/em-patch-tuesday-september-2026
cves,CVE-2026-69637,1,https://www.rapid7.com/blog/post/em-patch-tuesday-september-2026
cves,CVE-2026-69636,1,https://www.rapid7.com/blog/post/em-patch-tuesday-september-2026
cves,CVE-2026-69632,1,https://www.rapid7.com/blog/post/em-patch-tuesday-september-2026
cves,CVE-2026-69631,1,https://www.rapid7.com/blog/post/em-patch-tuesday-september-2026
cves,CVE-2026-69630,1,https://www.rapid7.com/blog/post/em-patch-tuesday-september-2026
cves,CVE-2026-69629,1,https://www.rapid7.com/blog/post/em-patch-tuesday-september-2026
cves,CVE-2026-69628,1,https://www.rapid7.com/blog/post/em-patch-tuesday-september-2026
cves,CVE-2026-69627,1,https://www.rapid7.com/blog/post/em-patch-tuesday-september-2026
cves,CVE-2026-69626,1,https://www.rapid7.com/blog/post/em-patch-tuesday-september-2026
cves,CVE-2026-69625,1,https://www.rapid7.com/blog/post/em-patch-tuesday-september-2026
cves,CVE-2026-69624,1,https://www.rapid7.com/blog/post/em-patch-tuesday-september-2026
cves,CVE-2026-69623,1,https://www.rapid7.com/blog/post/em-patch-tuesday-september-2026
cves,CVE-2026-69621,1,https://www.rapid7.com/blog/post/em-patch-tuesday-september-2026
cves,CVE-2026-69620,1,https://www.rapid7.com/blog/post/em-patch-tuesday-september-2026
cves,CVE-2026-69619,1,https://www.rapid7.com/blog/post/em-patch-tuesday-september-2026
cves,CVE-2026-69618,1,https://www.rapid7.com/blog/post/em-patch-tuesday-september-2026
cves,CVE-2026-69617,1,https://www.rapid7.com/blog/post/em-patch-tuesday-september-2026
cves,CVE-2026-69616,1,https://www.rapid7.com/blog/post/em-patch-tuesday-september-2026
cves,CVE-2026-69615,1,https://www.rapid7.com/blog/post/em-patch-tuesday-september-2026
cves,CVE-2026-69614,1,https://www.rapid7.com/blog/post/em-patch-tuesday-september-2026
cves,CVE-2026-69613,1,https://www.rapid7.com/blog/post/em-patch-tuesday-september-2026
cves,CVE-2026-69612,1,https://www.rapid7.com/blog/post/em-patch-tuesday-september-2026
cves,CVE-2026-69611,1,https://www.rapid7.com/blog/post/em-patch-tuesday-september-2026
cves,CVE-2026-69610,1,https://www.rapid7.com/blog/post/em-patch-tuesday-september-2026
cves,CVE-2026-69609,1,https://www.rapid7.com/blog/post/em-patch-tuesday-september-2026
cves,CVE-2026-69608,1,https://www.rapid7.com/blog/post/em-patch-tuesday-september-2026
cves,CVE-2026-69607,1,https://www.rapid7.com/blog/post/em-patch-tuesday-september-2026
cves,CVE-2026-69606,1,https://www.rapid7.com/blog/post/em-patch-tuesday-september-2026
cves,CVE-2026-69605,1,https://www.rapid7.com/blog/post/em-patch-tuesday-september-2026
cves,CVE-2026-69604,1,https://www.rapid7.com/blog/post/em-patch-tuesday-september-2026
cves,CVE-2026-69603,1,https://www.rapid7.com/blog/post/em-patch-tuesday-september-2026
cves,CVE-2026-69602,1,https://www.rapid7.com/blog/post/em-patch-tuesday-september-2026
cves,CVE-2026-69601,1,https://www.rapid7.com/blog/post/em-patch-tuesday-september-2026
cves,CVE-2026-69600,1,https://www.rapid7.com/blog/post/em-patch-tuesday-september-2026
cves,CVE-2026-69599,1,https://www.rapid7.com/blog/post/em-patch-tuesday-september-2026
cves,CVE-2026-69598,1,https://www.rapid7.com/blog/post/em-patch-tuesday-september-2026
cves,CVE-2026-69597,1,https://www.rapid7.com/blog/post/em-patch-tuesday-september-2026
cves,CVE-2026-69595,1,https://www.rapid7.com/blog/post/em-patch-tuesday-september-2026
cves,CVE-2026-69594,1,https://www.rapid7.com/blog/post/em-patch-tuesday-september-2026
cves,CVE-2026-69593,1,https://www.rapid7.com/blog/post/em-patch-tuesday-september-2026
cves,CVE-2026-69592,1,https://www.rapid7.com/blog/post/em-patch-tuesday-september-2026
cves,CVE-2026-69591,1,https://www.rapid7.com/blog/post/em-patch-tuesday-september-2026
cves,CVE-2026-69590,2,https://isc.sans.edu/diary/rss/33320 | https://www.rapid7.com/blog/post/em-patch-tuesday-september-2026
cves,CVE-2026-69589,1,https://www.rapid7.com/blog/post/em-patch-tuesday-september-2026
cves,CVE-2026-69588,1,https://www.rapid7.com/blog/post/em-patch-tuesday-september-2026
cves,CVE-2026-69587,1,https://www.rapid7.com/blog/post/em-patch-tuesday-september-2026
cves,CVE-2026-69586,1,https://www.rapid7.com/blog/post/em-patch-tuesday-september-2026
cves,CVE-2026-69585,1,https://www.rapid7.com/blog/post/em-patch-tuesday-september-2026
cves,CVE-2026-69584,1,https://www.rapid7.com/blog/post/em-patch-tuesday-september-2026
cves,CVE-2026-69583,1,https://www.rapid7.com/blog/post/em-patch-tuesday-september-2026
cves,CVE-2026-69582,1,https://www.rapid7.com/blog/post/em-patch-tuesday-september-2026
cves,CVE-2026-69581,1,https://www.rapid7.com/blog/post/em-patch-tuesday-september-2026
cves,CVE-2026-69580,1,https://www.rapid7.com/blog/post/em-patch-tuesday-september-2026
cves,CVE-2026-69579,2,https://isc.sans.edu/diary/rss/33320 | https://www.rapid7.com/blog/post/em-patch-tuesday-september-2026
cves,CVE-2026-69578,1,https://www.rapid7.com/blog/post/em-patch-tuesday-september-2026
cves,CVE-2026-69576,1,https://www.rapid7.com/blog/post/em-patch-tuesday-september-2026
cves,CVE-2026-69575,1,https://www.rapid7.com/blog/post/em-patch-tuesday-september-2026
cves,CVE-2026-69574,1,https://www.rapid7.com/blog/post/em-patch-tuesday-september-2026
cves,CVE-2026-69573,1,https://www.rapid7.com/blog/post/em-patch-tuesday-september-2026
cves,CVE-2026-69572,1,https://www.rapid7.com/blog/post/em-patch-tuesday-september-2026
cves,CVE-2026-69571,1,https://www.rapid7.com/blog/post/em-patch-tuesday-september-2026
cves,CVE-2026-69569,1,https://www.rapid7.com/blog/post/em-patch-tuesday-september-2026
cves,CVE-2026-69568,1,https://www.rapid7.com/blog/post/em-patch-tuesday-september-2026
cves,CVE-2026-69567,1,https://www.rapid7.com/blog/post/em-patch-tuesday-september-2026
cves,CVE-2026-69566,1,https://www.rapid7.com/blog/post/em-patch-tuesday-september-2026
cves,CVE-2026-69564,1,https://www.rapid7.com/blog/post/em-patch-tuesday-september-2026
cves,CVE-2026-69563,1,https://www.rapid7.com/blog/post/em-patch-tuesday-september-2026
cves,CVE-2026-69562,1,https://www.rapid7.com/blog/post/em-patch-tuesday-september-2026
cves,CVE-2026-69561,1,https://www.rapid7.com/blog/post/em-patch-tuesday-september-2026
cves,CVE-2026-69560,1,https://www.rapid7.com/blog/post/em-patch-tuesday-september-2026
cves,CVE-2026-69559,1,https://www.rapid7.com/blog/post/em-patch-tuesday-september-2026
cves,CVE-2026-69556,1,https://www.rapid7.com/blog/post/em-patch-tuesday-september-2026
cves,CVE-2026-69554,1,https://www.rapid7.com/blog/post/em-patch-tuesday-september-2026
cves,CVE-2026-69553,1,https://www.rapid7.com/blog/post/em-patch-tuesday-september-2026
cves,CVE-2026-69552,1,https://www.rapid7.com/blog/post/em-patch-tuesday-september-2026
cves,CVE-2026-69551,1,https://www.rapid7.com/blog/post/em-patch-tuesday-september-2026
cves,CVE-2026-69549,1,https://www.rapid7.com/blog/post/em-patch-tuesday-september-2026
cves,CVE-2026-69548,1,https://www.rapid7.com/blog/post/em-patch-tuesday-september-2026
cves,CVE-2026-69547,1,https://www.rapid7.com/blog/post/em-patch-tuesday-september-2026
cves,CVE-2026-69546,1,https://www.rapid7.com/blog/post/em-patch-tuesday-september-2026
cves,CVE-2026-69544,1,https://www.rapid7.com/blog/post/em-patch-tuesday-september-2026
cves,CVE-2026-69542,1,https://www.rapid7.com/blog/post/em-patch-tuesday-september-2026
cves,CVE-2026-69541,1,https://www.rapid7.com/blog/post/em-patch-tuesday-september-2026
cves,CVE-2026-69540,1,https://www.rapid7.com/blog/post/em-patch-tuesday-september-2026
cves,CVE-2026-69539,1,https://www.rapid7.com/blog/post/em-patch-tuesday-september-2026
cves,CVE-2026-69538,1,https://www.rapid7.com/blog/post/em-patch-tuesday-september-2026
cves,CVE-2026-69536,1,https://www.rapid7.com/blog/post/em-patch-tuesday-september-2026
cves,CVE-2026-69535,1,https://www.rapid7.com/blog/post/em-patch-tuesday-september-2026
cves,CVE-2026-69534,1,https://www.rapid7.com/blog/post/em-patch-tuesday-september-2026
cves,CVE-2026-69532,1,https://www.rapid7.com/blog/post/em-patch-tuesday-september-2026
cves,CVE-2026-69531,1,https://www.rapid7.com/blog/post/em-patch-tuesday-september-2026
cves,CVE-2026-69530,1,https://www.rapid7.com/blog/post/em-patch-tuesday-september-2026
cves,CVE-2026-69529,1,https://www.rapid7.com/blog/post/em-patch-tuesday-september-2026
cves,CVE-2026-69528,1,https://www.rapid7.com/blog/post/em-patch-tuesday-september-2026
cves,CVE-2026-69527,1,https://www.rapid7.com/blog/post/em-patch-tuesday-september-2026
cves,CVE-2026-69525,1,https://www.rapid7.com/blog/post/em-patch-tuesday-september-2026
cves,CVE-2026-69524,1,https://www.rapid7.com/blog/post/em-patch-tuesday-september-2026
cves,CVE-2026-69522,1,https://www.rapid7.com/blog/post/em-patch-tuesday-september-2026
cves,CVE-2026-69518,1,https://www.rapid7.com/blog/post/em-patch-tuesday-september-2026
cves,CVE-2026-69517,1,https://www.rapid7.com/blog/post/em-patch-tuesday-september-2026
cves,CVE-2026-69516,1,https://www.rapid7.com/blog/post/em-patch-tuesday-september-2026
cves,CVE-2026-69514,1,https://www.rapid7.com/blog/post/em-patch-tuesday-september-2026
cves,CVE-2026-69513,1,https://www.rapid7.com/blog/post/em-patch-tuesday-september-2026
cves,CVE-2026-69512,1,https://www.rapid7.com/blog/post/em-patch-tuesday-september-2026
cves,CVE-2026-69511,1,https://www.rapid7.com/blog/post/em-patch-tuesday-september-2026
cves,CVE-2026-69510,1,https://www.rapid7.com/blog/post/em-patch-tuesday-september-2026
cves,CVE-2026-69509,1,https://www.rapid7.com/blog/post/em-patch-tuesday-september-2026
cves,CVE-2026-69508,1,https://www.rapid7.com/blog/post/em-patch-tuesday-september-2026
cves,CVE-2026-69507,1,https://www.rapid7.com/blog/post/em-patch-tuesday-september-2026
cves,CVE-2026-69505,1,https://www.rapid7.com/blog/post/em-patch-tuesday-september-2026
cves,CVE-2026-69504,1,https://www.rapid7.com/blog/post/em-patch-tuesday-september-2026
cves,CVE-2026-69503,1,https://www.rapid7.com/blog/post/em-patch-tuesday-september-2026
cves,CVE-2026-69501,1,https://www.rapid7.com/blog/post/em-patch-tuesday-september-2026
cves,CVE-2026-69500,1,https://www.rapid7.com/blog/post/em-patch-tuesday-september-2026
cves,CVE-2026-69499,1,https://www.rapid7.com/blog/post/em-patch-tuesday-september-2026
cves,CVE-2026-69498,1,https://www.rapid7.com/blog/post/em-patch-tuesday-september-2026
cves,CVE-2026-69497,1,https://www.rapid7.com/blog/post/em-patch-tuesday-september-2026
cves,CVE-2026-69496,1,https://www.rapid7.com/blog/post/em-patch-tuesday-september-2026
cves,CVE-2026-69495,1,https://www.rapid7.com/blog/post/em-patch-tuesday-september-2026
cves,CVE-2026-69494,1,https://www.rapid7.com/blog/post/em-patch-tuesday-september-2026
cves,CVE-2026-69493,1,https://www.rapid7.com/blog/post/em-patch-tuesday-september-2026
cves,CVE-2026-69492,1,https://www.rapid7.com/blog/post/em-patch-tuesday-september-2026
cves,CVE-2026-69491,1,https://www.rapid7.com/blog/post/em-patch-tuesday-september-2026
cves,CVE-2026-69490,1,https://www.rapid7.com/blog/post/em-patch-tuesday-september-2026
cves,CVE-2026-69489,1,https://www.rapid7.com/blog/post/em-patch-tuesday-september-2026
cves,CVE-2026-69488,1,https://www.rapid7.com/blog/post/em-patch-tuesday-september-2026
cves,CVE-2026-69485,1,https://www.rapid7.com/blog/post/em-patch-tuesday-september-2026
cves,CVE-2026-69483,1,https://www.rapid7.com/blog/post/em-patch-tuesday-september-2026
cves,CVE-2026-69482,1,https://www.rapid7.com/blog/post/em-patch-tuesday-september-2026
cves,CVE-2026-69481,1,https://www.rapid7.com/blog/post/em-patch-tuesday-september-2026
cves,CVE-2026-69480,1,https://www.rapid7.com/blog/post/em-patch-tuesday-september-2026
cves,CVE-2026-69479,1,https://www.rapid7.com/blog/post/em-patch-tuesday-september-2026
cves,CVE-2026-69478,1,https://www.rapid7.com/blog/post/em-patch-tuesday-september-2026
cves,CVE-2026-69477,1,https://www.rapid7.com/blog/post/em-patch-tuesday-september-2026
cves,CVE-2026-69476,1,https://www.rapid7.com/blog/post/em-patch-tuesday-september-2026
cves,CVE-2026-69475,1,https://www.rapid7.com/blog/post/em-patch-tuesday-september-2026
cves,CVE-2026-69474,1,https://www.rapid7.com/blog/post/em-patch-tuesday-september-2026
cves,CVE-2026-69473,1,https://www.rapid7.com/blog/post/em-patch-tuesday-september-2026
cves,CVE-2026-69472,1,https://www.rapid7.com/blog/post/em-patch-tuesday-september-2026
cves,CVE-2026-69470,1,https://www.rapid7.com/blog/post/em-patch-tuesday-september-2026
cves,CVE-2026-69469,1,https://www.rapid7.com/blog/post/em-patch-tuesday-september-2026
cves,CVE-2026-69468,1,https://www.rapid7.com/blog/post/em-patch-tuesday-september-2026
cves,CVE-2026-69467,1,https://www.rapid7.com/blog/post/em-patch-tuesday-september-2026
cves,CVE-2026-69466,1,https://www.rapid7.com/blog/post/em-patch-tuesday-september-2026
cves,CVE-2026-69465,1,https://www.rapid7.com/blog/post/em-patch-tuesday-september-2026
cves,CVE-2026-69464,1,https://www.rapid7.com/blog/post/em-patch-tuesday-september-2026
cves,CVE-2026-69463,1,https://www.rapid7.com/blog/post/em-patch-tuesday-september-2026
cves,CVE-2026-69462,1,https://www.rapid7.com/blog/post/em-patch-tuesday-september-2026
cves,CVE-2026-69461,1,https://www.rapid7.com/blog/post/em-patch-tuesday-september-2026
cves,CVE-2026-69460,1,https://www.rapid7.com/blog/post/em-patch-tuesday-september-2026
cves,CVE-2026-69459,1,https://www.rapid7.com/blog/post/em-patch-tuesday-september-2026
cves,CVE-2026-69458,1,https://www.rapid7.com/blog/post/em-patch-tuesday-september-2026
cves,CVE-2026-69457,1,https://www.rapid7.com/blog/post/em-patch-tuesday-september-2026
cves,CVE-2026-69456,1,https://www.rapid7.com/blog/post/em-patch-tuesday-september-2026
cves,CVE-2026-69455,1,https://www.rapid7.com/blog/post/em-patch-tuesday-september-2026
cves,CVE-2026-69453,1,https://www.rapid7.com/blog/post/em-patch-tuesday-september-2026
cves,CVE-2026-69451,1,https://www.rapid7.com/blog/post/em-patch-tuesday-september-2026
cves,CVE-2026-69450,1,https://www.rapid7.com/blog/post/em-patch-tuesday-september-2026
cves,CVE-2026-69449,1,https://www.rapid7.com/blog/post/em-patch-tuesday-september-2026
cves,CVE-2026-69448,1,https://www.rapid7.com/blog/post/em-patch-tuesday-september-2026
cves,CVE-2026-69447,1,https://www.rapid7.com/blog/post/em-patch-tuesday-september-2026
cves,CVE-2026-69445,1,https://www.rapid7.com/blog/post/em-patch-tuesday-september-2026
cves,CVE-2026-69444,1,https://www.rapid7.com/blog/post/em-patch-tuesday-september-2026
cves,CVE-2026-69443,1,https://www.rapid7.com/blog/post/em-patch-tuesday-september-2026
cves,CVE-2026-69442,1,https://www.rapid7.com/blog/post/em-patch-tuesday-september-2026
cves,CVE-2026-69441,1,https://www.rapid7.com/blog/post/em-patch-tuesday-september-2026
cves,CVE-2026-69440,1,https://www.rapid7.com/blog/post/em-patch-tuesday-september-2026
cves,CVE-2026-69439,1,https://www.rapid7.com/blog/post/em-patch-tuesday-september-2026
cves,CVE-2026-69438,1,https://www.rapid7.com/blog/post/em-patch-tuesday-september-2026
cves,CVE-2026-69436,1,https://www.rapid7.com/blog/post/em-patch-tuesday-september-2026
cves,CVE-2026-69434,1,https://www.rapid7.com/blog/post/em-patch-tuesday-september-2026
cves,CVE-2026-69433,1,https://www.rapid7.com/blog/post/em-patch-tuesday-september-2026
cves,CVE-2026-69432,1,https://www.rapid7.com/blog/post/em-patch-tuesday-september-2026
cves,CVE-2026-69431,1,https://www.rapid7.com/blog/post/em-patch-tuesday-september-2026
cves,CVE-2026-69430,1,https://www.rapid7.com/blog/post/em-patch-tuesday-september-2026
cves,CVE-2026-69429,1,https://www.rapid7.com/blog/post/em-patch-tuesday-september-2026
cves,CVE-2026-69428,1,https://www.rapid7.com/blog/post/em-patch-tuesday-september-2026
cves,CVE-2026-69427,1,https://www.rapid7.com/blog/post/em-patch-tuesday-september-2026
cves,CVE-2026-69426,1,https://www.rapid7.com/blog/post/em-patch-tuesday-september-2026
cves,CVE-2026-69425,1,https://www.rapid7.com/blog/post/em-patch-tuesday-september-2026
cves,CVE-2026-69424,1,https://www.rapid7.com/blog/post/em-patch-tuesday-september-2026
cves,CVE-2026-69423,1,https://www.rapid7.com/blog/post/em-patch-tuesday-september-2026
cves,CVE-2026-69422,1,https://www.rapid7.com/blog/post/em-patch-tuesday-september-2026
cves,CVE-2026-69421,1,https://www.rapid7.com/blog/post/em-patch-tuesday-september-2026
cves,CVE-2026-69420,1,https://www.rapid7.com/blog/post/em-patch-tuesday-september-2026
cves,CVE-2026-69418,1,https://www.rapid7.com/blog/post/em-patch-tuesday-september-2026
cves,CVE-2026-69417,1,https://www.rapid7.com/blog/post/em-patch-tuesday-september-2026
cves,CVE-2026-69416,1,https://www.rapid7.com/blog/post/em-patch-tuesday-september-2026
cves,CVE-2026-69415,1,https://www.rapid7.com/blog/post/em-patch-tuesday-september-2026
cves,CVE-2026-69413,1,https://www.rapid7.com/blog/post/em-patch-tuesday-september-2026
cves,CVE-2026-69412,1,https://www.rapid7.com/blog/post/em-patch-tuesday-september-2026
cves,CVE-2026-69410,1,https://www.rapid7.com/blog/post/em-patch-tuesday-september-2026
cves,CVE-2026-69409,1,https://www.rapid7.com/blog/post/em-patch-tuesday-september-2026
cves,CVE-2026-69408,1,https://www.rapid7.com/blog/post/em-patch-tuesday-september-2026
cves,CVE-2026-69407,1,https://www.rapid7.com/blog/post/em-patch-tuesday-september-2026
cves,CVE-2026-69406,1,https://www.rapid7.com/blog/post/em-patch-tuesday-september-2026
cves,CVE-2026-69405,1,https://www.rapid7.com/blog/post/em-patch-tuesday-september-2026
cves,CVE-2026-69404,1,https://www.rapid7.com/blog/post/em-patch-tuesday-september-2026
cves,CVE-2026-69403,1,https://www.rapid7.com/blog/post/em-patch-tuesday-september-2026
cves,CVE-2026-69402,1,https://www.rapid7.com/blog/post/em-patch-tuesday-september-2026
cves,CVE-2026-69401,1,https://www.rapid7.com/blog/post/em-patch-tuesday-september-2026
cves,CVE-2026-69398,1,https://www.rapid7.com/blog/post/em-patch-tuesday-september-2026
cves,CVE-2026-69397,1,https://www.rapid7.com/blog/post/em-patch-tuesday-september-2026
cves,CVE-2026-69396,1,https://www.rapid7.com/blog/post/em-patch-tuesday-september-2026
cves,CVE-2026-69395,1,https://www.rapid7.com/blog/post/em-patch-tuesday-september-2026
cves,CVE-2026-69394,1,https://www.rapid7.com/blog/post/em-patch-tuesday-september-2026
cves,CVE-2026-69393,1,https://www.rapid7.com/blog/post/em-patch-tuesday-september-2026
cves,CVE-2026-69392,1,https://www.rapid7.com/blog/post/em-patch-tuesday-september-2026
cves,CVE-2026-69391,1,https://www.rapid7.com/blog/post/em-patch-tuesday-september-2026
cves,CVE-2026-69390,1,https://www.rapid7.com/blog/post/em-patch-tuesday-september-2026
cves,CVE-2026-69389,1,https://www.rapid7.com/blog/post/em-patch-tuesday-september-2026
cves,CVE-2026-69388,1,https://www.rapid7.com/blog/post/em-patch-tuesday-september-2026
cves,CVE-2026-69386,1,https://www.rapid7.com/blog/post/em-patch-tuesday-september-2026
cves,CVE-2026-69385,1,https://www.rapid7.com/blog/post/em-patch-tuesday-september-2026
cves,CVE-2026-69384,1,https://www.rapid7.com/blog/post/em-patch-tuesday-september-2026
cves,CVE-2026-69383,1,https://www.rapid7.com/blog/post/em-patch-tuesday-september-2026
cves,CVE-2026-69382,1,https://www.rapid7.com/blog/post/em-patch-tuesday-september-2026
cves,CVE-2026-69381,1,https://www.rapid7.com/blog/post/em-patch-tuesday-september-2026
cves,CVE-2026-69380,1,https://www.rapid7.com/blog/post/em-patch-tuesday-september-2026
cves,CVE-2026-69379,1,https://www.rapid7.com/blog/post/em-patch-tuesday-september-2026
cves,CVE-2026-69378,1,https://www.rapid7.com/blog/post/em-patch-tuesday-september-2026
cves,CVE-2026-69377,1,https://www.rapid7.com/blog/post/em-patch-tuesday-september-2026
cves,CVE-2026-69376,1,https://www.rapid7.com/blog/post/em-patch-tuesday-september-2026
cves,CVE-2026-69375,1,https://www.rapid7.com/blog/post/em-patch-tuesday-september-2026
cves,CVE-2026-69374,1,https://www.rapid7.com/blog/post/em-patch-tuesday-september-2026
cves,CVE-2026-69373,1,https://www.rapid7.com/blog/post/em-patch-tuesday-september-2026
cves,CVE-2026-69372,1,https://www.rapid7.com/blog/post/em-patch-tuesday-september-2026
cves,CVE-2026-69371,1,https://www.rapid7.com/blog/post/em-patch-tuesday-september-2026
cves,CVE-2026-69369,1,https://www.rapid7.com/blog/post/em-patch-tuesday-september-2026
cves,CVE-2026-69368,1,https://www.rapid7.com/blog/post/em-patch-tuesday-september-2026
cves,CVE-2026-69367,1,https://www.rapid7.com/blog/post/em-patch-tuesday-september-2026
cves,CVE-2026-69366,1,https://www.rapid7.com/blog/post/em-patch-tuesday-september-2026
cves,CVE-2026-69365,1,https://www.rapid7.com/blog/post/em-patch-tuesday-september-2026
cves,CVE-2026-69364,1,https://www.rapid7.com/blog/post/em-patch-tuesday-september-2026
cves,CVE-2026-69362,1,https://www.rapid7.com/blog/post/em-patch-tuesday-september-2026
cves,CVE-2026-69361,1,https://www.rapid7.com/blog/post/em-patch-tuesday-september-2026
cves,CVE-2026-69360,1,https://www.rapid7.com/blog/post/em-patch-tuesday-september-2026
cves,CVE-2026-69359,1,https://www.rapid7.com/blog/post/em-patch-tuesday-september-2026
cves,CVE-2026-69358,1,https://www.rapid7.com/blog/post/em-patch-tuesday-september-2026
cves,CVE-2026-69357,1,https://www.rapid7.com/blog/post/em-patch-tuesday-september-2026
cves,CVE-2026-69356,1,https://www.rapid7.com/blog/post/em-patch-tuesday-september-2026
cves,CVE-2026-69355,1,https://www.rapid7.com/blog/post/em-patch-tuesday-september-2026
cves,CVE-2026-69353,1,https://www.rapid7.com/blog/post/em-patch-tuesday-september-2026
cves,CVE-2026-69352,1,https://www.rapid7.com/blog/post/em-patch-tuesday-september-2026
cves,CVE-2026-69351,1,https://www.rapid7.com/blog/post/em-patch-tuesday-september-2026
cves,CVE-2026-69350,1,https://www.rapid7.com/blog/post/em-patch-tuesday-september-2026
cves,CVE-2026-69349,1,https://www.rapid7.com/blog/post/em-patch-tuesday-september-2026
cves,CVE-2026-69348,1,https://www.rapid7.com/blog/post/em-patch-tuesday-september-2026
cves,CVE-2026-69347,1,https://www.rapid7.com/blog/post/em-patch-tuesday-september-2026
cves,CVE-2026-69346,1,https://www.rapid7.com/blog/post/em-patch-tuesday-september-2026
cves,CVE-2026-69345,1,https://www.rapid7.com/blog/post/em-patch-tuesday-september-2026
cves,CVE-2026-69344,1,https://www.rapid7.com/blog/post/em-patch-tuesday-september-2026
cves,CVE-2026-69343,1,https://www.rapid7.com/blog/post/em-patch-tuesday-september-2026
cves,CVE-2026-69342,1,https://www.rapid7.com/blog/post/em-patch-tuesday-september-2026
cves,CVE-2026-69341,1,https://www.rapid7.com/blog/post/em-patch-tuesday-september-2026
cves,CVE-2026-69340,1,https://www.rapid7.com/blog/post/em-patch-tuesday-september-2026
cves,CVE-2026-69339,1,https://www.rapid7.com/blog/post/em-patch-tuesday-september-2026
cves,CVE-2026-69338,1,https://www.rapid7.com/blog/post/em-patch-tuesday-september-2026
cves,CVE-2026-69337,1,https://www.rapid7.com/blog/post/em-patch-tuesday-september-2026
cves,CVE-2026-69336,1,https://www.rapid7.com/blog/post/em-patch-tuesday-september-2026
cves,CVE-2026-69335,1,https://www.rapid7.com/blog/post/em-patch-tuesday-september-2026
cves,CVE-2026-69334,1,https://www.rapid7.com/blog/post/em-patch-tuesday-september-2026
cves,CVE-2026-69333,1,https://www.rapid7.com/blog/post/em-patch-tuesday-september-2026
cves,CVE-2026-69332,1,https://www.rapid7.com/blog/post/em-patch-tuesday-september-2026
cves,CVE-2026-69331,1,https://www.rapid7.com/blog/post/em-patch-tuesday-september-2026
cves,CVE-2026-69329,1,https://www.rapid7.com/blog/post/em-patch-tuesday-september-2026
cves,CVE-2026-69328,1,https://www.rapid7.com/blog/post/em-patch-tuesday-september-2026
cves,CVE-2026-69325,1,https://www.rapid7.com/blog/post/em-patch-tuesday-september-2026
cves,CVE-2026-69324,1,https://www.rapid7.com/blog/post/em-patch-tuesday-september-2026
cves,CVE-2026-69323,1,https://www.rapid7.com/blog/post/em-patch-tuesday-september-2026
cves,CVE-2026-69322,1,https://www.rapid7.com/blog/post/em-patch-tuesday-september-2026
cves,CVE-2026-69321,1,https://www.rapid7.com/blog/post/em-patch-tuesday-september-2026
cves,CVE-2026-69319,1,https://www.rapid7.com/blog/post/em-patch-tuesday-september-2026
cves,CVE-2026-69318,1,https://www.rapid7.com/blog/post/em-patch-tuesday-september-2026
cves,CVE-2026-69317,1,https://www.rapid7.com/blog/post/em-patch-tuesday-september-2026
cves,CVE-2026-69316,1,https://www.rapid7.com/blog/post/em-patch-tuesday-september-2026
cves,CVE-2026-69315,1,https://www.rapid7.com/blog/post/em-patch-tuesday-september-2026
cves,CVE-2026-69314,1,https://www.rapid7.com/blog/post/em-patch-tuesday-september-2026
cves,CVE-2026-69313,1,https://www.rapid7.com/blog/post/em-patch-tuesday-september-2026
cves,CVE-2026-69312,1,https://www.rapid7.com/blog/post/em-patch-tuesday-september-2026
cves,CVE-2026-69311,1,https://www.rapid7.com/blog/post/em-patch-tuesday-september-2026
cves,CVE-2026-69310,1,https://www.rapid7.com/blog/post/em-patch-tuesday-september-2026
cves,CVE-2026-69309,1,https://www.rapid7.com/blog/post/em-patch-tuesday-september-2026
cves,CVE-2026-69308,1,https://www.rapid7.com/blog/post/em-patch-tuesday-september-2026
cves,CVE-2026-69307,1,https://www.rapid7.com/blog/post/em-patch-tuesday-september-2026
cves,CVE-2026-69305,1,https://www.rapid7.com/blog/post/em-patch-tuesday-september-2026
cves,CVE-2026-69304,1,https://www.rapid7.com/blog/post/em-patch-tuesday-september-2026
cves,CVE-2026-69303,1,https://www.rapid7.com/blog/post/em-patch-tuesday-september-2026
cves,CVE-2026-69301,1,https://www.rapid7.com/blog/post/em-patch-tuesday-september-2026
cves,CVE-2026-69300,1,https://www.rapid7.com/blog/post/em-patch-tuesday-september-2026
cves,CVE-2026-69299,1,https://www.rapid7.com/blog/post/em-patch-tuesday-september-2026
cves,CVE-2026-69298,1,https://www.rapid7.com/blog/post/em-patch-tuesday-september-2026
cves,CVE-2026-69297,1,https://www.rapid7.com/blog/post/em-patch-tuesday-september-2026
cves,CVE-2026-69296,1,https://www.rapid7.com/blog/post/em-patch-tuesday-september-2026
cves,CVE-2026-69295,1,https://www.rapid7.com/blog/post/em-patch-tuesday-september-2026
cves,CVE-2026-69294,1,https://www.rapid7.com/blog/post/em-patch-tuesday-september-2026
cves,CVE-2026-69293,1,https://www.rapid7.com/blog/post/em-patch-tuesday-september-2026
cves,CVE-2026-69292,1,https://www.rapid7.com/blog/post/em-patch-tuesday-september-2026
cves,CVE-2026-69291,1,https://www.rapid7.com/blog/post/em-patch-tuesday-september-2026
cves,CVE-2026-69290,1,https://www.rapid7.com/blog/post/em-patch-tuesday-september-2026
cves,CVE-2026-69289,1,https://www.rapid7.com/blog/post/em-patch-tuesday-september-2026
cves,CVE-2026-69288,1,https://www.rapid7.com/blog/post/em-patch-tuesday-september-2026
cves,CVE-2026-69287,1,https://www.rapid7.com/blog/post/em-patch-tuesday-september-2026
cves,CVE-2026-69286,1,https://www.rapid7.com/blog/post/em-patch-tuesday-september-2026
cves,CVE-2026-69285,1,https://www.rapid7.com/blog/post/em-patch-tuesday-september-2026
cves,CVE-2026-69284,1,https://www.rapid7.com/blog/post/em-patch-tuesday-september-2026
cves,CVE-2026-69283,1,https://www.rapid7.com/blog/post/em-patch-tuesday-september-2026
cves,CVE-2026-69282,1,https://www.rapid7.com/blog/post/em-patch-tuesday-september-2026
cves,CVE-2026-69281,1,https://www.rapid7.com/blog/post/em-patch-tuesday-september-2026
cves,CVE-2026-69280,1,https://www.rapid7.com/blog/post/em-patch-tuesday-september-2026
cves,CVE-2026-69279,1,https://www.rapid7.com/blog/post/em-patch-tuesday-september-2026
cves,CVE-2026-69277,1,https://www.rapid7.com/blog/post/em-patch-tuesday-september-2026
cves,CVE-2026-69276,1,https://www.rapid7.com/blog/post/em-patch-tuesday-september-2026
cves,CVE-2026-69275,1,https://www.rapid7.com/blog/post/em-patch-tuesday-september-2026
cves,CVE-2026-69274,1,https://www.rapid7.com/blog/post/em-patch-tuesday-september-2026
cves,CVE-2026-69273,1,https://www.rapid7.com/blog/post/em-patch-tuesday-september-2026
cves,CVE-2026-69272,1,https://www.rapid7.com/blog/post/em-patch-tuesday-september-2026
cves,CVE-2026-69271,1,https://www.rapid7.com/blog/post/em-patch-tuesday-september-2026
cves,CVE-2026-69270,1,https://www.rapid7.com/blog/post/em-patch-tuesday-september-2026
cves,CVE-2026-69269,1,https://www.rapid7.com/blog/post/em-patch-tuesday-september-2026
cves,CVE-2026-69268,1,https://www.rapid7.com/blog/post/em-patch-tuesday-september-2026
cves,CVE-2026-69267,1,https://www.rapid7.com/blog/post/em-patch-tuesday-september-2026
cves,CVE-2026-69266,1,https://www.rapid7.com/blog/post/em-patch-tuesday-september-2026
cves,CVE-2026-69265,1,https://www.rapid7.com/blog/post/em-patch-tuesday-september-2026
cves,CVE-2026-68898,1,https://www.rapid7.com/blog/post/em-patch-tuesday-september-2026
cves,CVE-2026-68897,1,https://www.rapid7.com/blog/post/em-patch-tuesday-september-2026
cves,CVE-2026-68896,1,https://www.rapid7.com/blog/post/em-patch-tuesday-september-2026
cves,CVE-2026-68895,1,https://www.rapid7.com/blog/post/em-patch-tuesday-september-2026
cves,CVE-2026-68894,1,https://www.rapid7.com/blog/post/em-patch-tuesday-september-2026
cves,CVE-2026-68893,1,https://www.rapid7.com/blog/post/em-patch-tuesday-september-2026
cves,CVE-2026-68892,1,https://www.rapid7.com/blog/post/em-patch-tuesday-september-2026
cves,CVE-2026-68891,1,https://www.rapid7.com/blog/post/em-patch-tuesday-september-2026
cves,CVE-2026-68890,1,https://www.rapid7.com/blog/post/em-patch-tuesday-september-2026
cves,CVE-2026-68889,1,https://www.rapid7.com/blog/post/em-patch-tuesday-september-2026
cves,CVE-2026-68888,1,https://www.rapid7.com/blog/post/em-patch-tuesday-september-2026
cves,CVE-2026-68887,1,https://www.rapid7.com/blog/post/em-patch-tuesday-september-2026
cves,CVE-2026-68886,1,https://www.rapid7.com/blog/post/em-patch-tuesday-september-2026
cves,CVE-2026-68885,1,https://www.rapid7.com/blog/post/em-patch-tuesday-september-2026
cves,CVE-2026-68884,1,https://www.rapid7.com/blog/post/em-patch-tuesday-september-2026
cves,CVE-2026-68881,1,https://www.rapid7.com/blog/post/em-patch-tuesday-september-2026
cves,CVE-2026-68880,1,https://www.rapid7.com/blog/post/em-patch-tuesday-september-2026
cves,CVE-2026-68878,1,https://www.rapid7.com/blog/post/em-patch-tuesday-september-2026
cves,CVE-2026-68877,1,https://www.rapid7.com/blog/post/em-patch-tuesday-september-2026
cves,CVE-2026-68876,1,https://www.rapid7.com/blog/post/em-patch-tuesday-september-2026
cves,CVE-2026-68875,1,https://www.rapid7.com/blog/post/em-patch-tuesday-september-2026
cves,CVE-2026-68874,1,https://www.rapid7.com/blog/post/em-patch-tuesday-september-2026
cves,CVE-2026-68873,1,https://www.rapid7.com/blog/post/em-patch-tuesday-september-2026
cves,CVE-2026-68852,1,https://www.rapid7.com/blog/post/em-patch-tuesday-september-2026
cves,CVE-2026-68851,1,https://www.rapid7.com/blog/post/em-patch-tuesday-september-2026
cves,CVE-2026-68850,1,https://www.rapid7.com/blog/post/em-patch-tuesday-september-2026
cves,CVE-2026-68849,1,https://www.rapid7.com/blog/post/em-patch-tuesday-september-2026
cves,CVE-2026-68848,1,https://www.rapid7.com/blog/post/em-patch-tuesday-september-2026
cves,CVE-2026-68847,1,https://www.rapid7.com/blog/post/em-patch-tuesday-september-2026
cves,CVE-2026-68846,1,https://www.rapid7.com/blog/post/em-patch-tuesday-september-2026
cves,CVE-2026-68845,1,https://www.rapid7.com/blog/post/em-patch-tuesday-september-2026
cves,CVE-2026-68844,1,https://www.rapid7.com/blog/post/em-patch-tuesday-september-2026
cves,CVE-2026-68843,1,https://www.rapid7.com/blog/post/em-patch-tuesday-september-2026
cves,CVE-2026-68842,1,https://www.rapid7.com/blog/post/em-patch-tuesday-september-2026
cves,CVE-2026-68841,1,https://www.rapid7.com/blog/post/em-patch-tuesday-september-2026
cves,CVE-2026-68840,1,https://www.rapid7.com/blog/post/em-patch-tuesday-september-2026
cves,CVE-2026-68839,1,https://www.rapid7.com/blog/post/em-patch-tuesday-september-2026
cves,CVE-2026-68838,1,https://www.rapid7.com/blog/post/em-patch-tuesday-september-2026
cves,CVE-2026-68837,1,https://www.rapid7.com/blog/post/em-patch-tuesday-september-2026
cves,CVE-2026-68835,1,https://www.rapid7.com/blog/post/em-patch-tuesday-september-2026
cves,CVE-2026-68834,1,https://www.rapid7.com/blog/post/em-patch-tuesday-september-2026
cves,CVE-2026-68833,1,https://www.rapid7.com/blog/post/em-patch-tuesday-september-2026
cves,CVE-2026-68832,1,https://www.rapid7.com/blog/post/em-patch-tuesday-september-2026
cves,CVE-2026-68831,1,https://www.rapid7.com/blog/post/em-patch-tuesday-september-2026
cves,CVE-2026-68830,1,https://www.rapid7.com/blog/post/em-patch-tuesday-september-2026
cves,CVE-2026-68828,1,https://www.rapid7.com/blog/post/em-patch-tuesday-september-2026
cves,CVE-2026-68827,1,https://www.rapid7.com/blog/post/em-patch-tuesday-september-2026
cves,CVE-2026-68825,1,https://www.rapid7.com/blog/post/em-patch-tuesday-september-2026
cves,CVE-2026-68824,1,https://www.rapid7.com/blog/post/em-patch-tuesday-september-2026
cves,CVE-2026-68787,1,https://www.rapid7.com/blog/post/em-patch-tuesday-september-2026
cves,CVE-2026-68786,1,https://www.rapid7.com/blog/post/em-patch-tuesday-september-2026
cves,CVE-2026-68785,1,https://www.rapid7.com/blog/post/em-patch-tuesday-september-2026
cves,CVE-2026-68784,1,https://www.rapid7.com/blog/post/em-patch-tuesday-september-2026
cves,CVE-2026-68781,1,https://www.rapid7.com/blog/post/em-patch-tuesday-september-2026
cves,CVE-2026-68780,1,https://www.rapid7.com/blog/post/em-patch-tuesday-september-2026
cves,CVE-2026-68779,1,https://www.rapid7.com/blog/post/em-patch-tuesday-september-2026
cves,CVE-2026-68778,1,https://www.rapid7.com/blog/post/em-patch-tuesday-september-2026
cves,CVE-2026-68777,1,https://www.rapid7.com/blog/post/em-patch-tuesday-september-2026
cves,CVE-2026-68776,1,https://www.rapid7.com/blog/post/em-patch-tuesday-september-2026
cves,CVE-2026-68775,1,https://www.rapid7.com/blog/post/em-patch-tuesday-september-2026
cves,CVE-2026-67648,1,https://www.rapid7.com/blog/post/em-patch-tuesday-september-2026
cves,CVE-2026-67645,1,https://www.rapid7.com/blog/post/em-patch-tuesday-september-2026
cves,CVE-2026-67643,1,https://www.rapid7.com/blog/post/em-patch-tuesday-september-2026
cves,CVE-2026-67642,1,https://www.rapid7.com/blog/post/em-patch-tuesday-september-2026
cves,CVE-2026-67641,1,https://www.rapid7.com/blog/post/em-patch-tuesday-september-2026
cves,CVE-2026-67639,1,https://www.rapid7.com/blog/post/em-patch-tuesday-september-2026
cves,CVE-2026-67638,1,https://www.rapid7.com/blog/post/em-patch-tuesday-september-2026
cves,CVE-2026-67636,1,https://www.rapid7.com/blog/post/em-patch-tuesday-september-2026
cves,CVE-2026-67633,1,https://www.rapid7.com/blog/post/em-patch-tuesday-september-2026
cves,CVE-2026-67631,1,https://www.rapid7.com/blog/post/em-patch-tuesday-september-2026
cves,CVE-2026-67630,1,https://www.rapid7.com/blog/post/em-patch-tuesday-september-2026
cves,CVE-2026-67629,1,https://www.rapid7.com/blog/post/em-patch-tuesday-september-2026
cves,CVE-2026-67624,1,https://www.rapid7.com/blog/post/em-patch-tuesday-september-2026
cves,CVE-2026-67393,1,https://www.rapid7.com/blog/post/em-patch-tuesday-september-2026
cves,CVE-2026-67390,1,https://www.rapid7.com/blog/post/em-patch-tuesday-september-2026
cves,CVE-2026-67389,1,https://www.rapid7.com/blog/post/em-patch-tuesday-september-2026
cves,CVE-2026-67388,1,https://www.rapid7.com/blog/post/em-patch-tuesday-september-2026
cves,CVE-2026-67386,1,https://www.rapid7.com/blog/post/em-patch-tuesday-september-2026
cves,CVE-2026-67385,1,https://www.rapid7.com/blog/post/em-patch-tuesday-september-2026
cves,CVE-2026-67384,1,https://www.rapid7.com/blog/post/em-patch-tuesday-september-2026
cves,CVE-2026-67383,1,https://www.rapid7.com/blog/post/em-patch-tuesday-september-2026
cves,CVE-2026-67381,1,https://www.rapid7.com/blog/post/em-patch-tuesday-september-2026
cves,CVE-2026-67380,1,https://www.rapid7.com/blog/post/em-patch-tuesday-september-2026
cves,CVE-2026-67379,1,https://www.rapid7.com/blog/post/em-patch-tuesday-september-2026
cves,CVE-2026-67378,1,https://www.rapid7.com/blog/post/em-patch-tuesday-september-2026
cves,CVE-2026-67376,1,https://www.rapid7.com/blog/post/em-patch-tuesday-september-2026
cves,CVE-2026-67373,1,https://www.rapid7.com/blog/post/em-patch-tuesday-september-2026
cves,CVE-2026-67370,1,https://www.rapid7.com/blog/post/em-patch-tuesday-september-2026
cves,CVE-2026-67369,1,https://www.rapid7.com/blog/post/em-patch-tuesday-september-2026
cves,CVE-2026-67368,1,https://www.rapid7.com/blog/post/em-patch-tuesday-september-2026
cves,CVE-2026-66820,1,https://www.rapid7.com/blog/post/em-patch-tuesday-september-2026
cves,CVE-2026-66819,1,https://www.rapid7.com/blog/post/em-patch-tuesday-september-2026
cves,CVE-2026-66818,1,https://www.rapid7.com/blog/post/em-patch-tuesday-september-2026
cves,CVE-2026-66816,1,https://www.rapid7.com/blog/post/em-patch-tuesday-september-2026
cves,CVE-2026-66814,1,https://www.rapid7.com/blog/post/em-patch-tuesday-september-2026
cves,CVE-2026-66384,1,https://www.cisa.gov/news-events/alerts/2026/08/27/cisa-adds-three-known-exploited-vulnerabilities-catalog
cves,CVE-2026-66308,1,https://www.rapid7.com/blog/post/em-patch-tuesday-september-2026
cves,CVE-2026-66307,1,https://www.rapid7.com/blog/post/em-patch-tuesday-september-2026
cves,CVE-2026-66306,1,https://www.rapid7.com/blog/post/em-patch-tuesday-september-2026
cves,CVE-2026-66305,1,https://www.rapid7.com/blog/post/em-patch-tuesday-september-2026
cves,CVE-2026-66304,1,https://www.rapid7.com/blog/post/em-patch-tuesday-september-2026
cves,CVE-2026-66303,1,https://www.rapid7.com/blog/post/em-patch-tuesday-september-2026
cves,CVE-2026-66302,2,https://isc.sans.edu/diary/rss/33320 | https://www.rapid7.com/blog/post/em-patch-tuesday-september-2026
cves,CVE-2026-66145,1,https://www.reddit.com/r/blueteamsec/comments/1w0t1u8/sonicwall_gms_unauthenticated_rce_and_encrypted/
cves,CVE-2026-65818,1,https://www.rapid7.com/blog/post/em-patch-tuesday-september-2026
cves,CVE-2026-65812,1,https://www.rapid7.com/blog/post/em-patch-tuesday-september-2026
cves,CVE-2026-65772,1,https://www.rapid7.com/blog/post/em-patch-tuesday-september-2026
cves,CVE-2026-65669,1,https://www.rapid7.com/blog/post/em-patch-tuesday-september-2026
cves,CVE-2026-64918,1,https://www.rapid7.com/blog/post/em-patch-tuesday-september-2026
cves,CVE-2026-63523,1,https://www.rapid7.com/blog/post/em-patch-tuesday-september-2026
cves,CVE-2026-62916,1,https://www.rapid7.com/blog/post/em-patch-tuesday-september-2026
cves,CVE-2026-62906,1,https://www.rapid7.com/blog/post/em-patch-tuesday-september-2026
cves,CVE-2026-62895,1,https://www.rapid7.com/blog/post/em-patch-tuesday-september-2026
cves,CVE-2026-62813,1,https://www.rapid7.com/blog/post/em-patch-tuesday-september-2026
cves,CVE-2026-62810,1,https://www.rapid7.com/blog/post/em-patch-tuesday-september-2026
cves,CVE-2026-62804,1,https://www.rapid7.com/blog/post/em-patch-tuesday-september-2026
cves,CVE-2026-62801,1,https://www.rapid7.com/blog/post/em-patch-tuesday-september-2026
cves,CVE-2026-62762,1,https://www.rapid7.com/blog/post/em-patch-tuesday-september-2026
cves,CVE-2026-62759,1,https://www.rapid7.com/blog/post/em-patch-tuesday-september-2026
cves,CVE-2026-62744,1,https://www.rapid7.com/blog/post/em-patch-tuesday-september-2026
cves,CVE-2026-62706,1,https://www.rapid7.com/blog/post/em-patch-tuesday-september-2026
cves,CVE-2026-62697,1,https://www.rapid7.com/blog/post/em-patch-tuesday-september-2026
cves,CVE-2026-62694,1,https://www.rapid7.com/blog/post/em-patch-tuesday-september-2026
cves,CVE-2026-58649,1,https://www.rapid7.com/blog/post/em-patch-tuesday-september-2026
cves,CVE-2026-58611,1,https://www.rapid7.com/blog/post/em-patch-tuesday-september-2026
cves,CVE-2026-58600,1,https://www.rapid7.com/blog/post/em-patch-tuesday-september-2026
cves,CVE-2026-58599,1,https://www.rapid7.com/blog/post/em-patch-tuesday-september-2026
cves,CVE-2026-57099,1,https://www.rapid7.com/blog/post/em-patch-tuesday-september-2026
cves,CVE-2026-57098,1,https://www.rapid7.com/blog/post/em-patch-tuesday-september-2026
cves,CVE-2026-56198,1,https://www.rapid7.com/blog/post/em-patch-tuesday-september-2026
cves,CVE-2026-56177,1,https://www.rapid7.com/blog/post/em-patch-tuesday-september-2026
cves,CVE-2026-56172,1,https://www.rapid7.com/blog/post/em-patch-tuesday-september-2026
cves,CVE-2026-55007,1,https://www.rapid7.com/blog/post/em-patch-tuesday-september-2026
cves,CVE-2026-53362,2,https://www.cisa.gov/news-events/alerts/2026/08/27/cisa-adds-three-known-exploited-vulnerabilities-catalog | https://www.securityweek.com/openai-agents-exploited-linux-kernel-flaw-on-companys-own-systems/
cves,CVE-2026-50349,1,https://www.rapid7.com/blog/post/em-patch-tuesday-september-2026
cves,CVE-2026-47297,1,https://www.rapid7.com/blog/post/em-patch-tuesday-september-2026
cves,CVE-2026-34182,1,https://www.rapid7.com/blog/post/em-patch-tuesday-september-2026
cves,CVE-2026-25262,1,https://www.reddit.com/r/blueteamsec/comments/1w43hdm/qualcomm_bootrom_code_signing_bypass_cve202625262/
cves,CVE-2026-20316,2,https://blog.talosintelligence.com/fmc-ongoing-exploitation/ | https://blog.talosintelligence.com/weve-got-one-word-for-it-and-its-usually-the-wrong-one/
cves,CVE-2026-20079,2,https://blog.talosintelligence.com/fmc-ongoing-exploitation/ | https://blog.talosintelligence.com/weve-got-one-word-for-it-and-its-usually-the-wrong-one/
cves,CVE-2026-19931,1,https://www.rapid7.com/blog/post/em-patch-tuesday-september-2026
cves,CVE-2026-18924,1,https://www.rapid7.com/blog/post/em-patch-tuesday-september-2026
cves,CVE-2026-13608,1,https://www.rapid7.com/blog/post/em-patch-tuesday-september-2026
cves,CVE-2026-0768,2,https://www.bleepingcomputer.com/news/security/critical-langflow-flaw-exploited-to-steal-openai-and-aws-keys/ | https://www.securityweek.com/hackers-start-exploiting-critical-langflow-vulnerability/
cves,CVE-2025-70873,1,https://www.rapid7.com/blog/post/em-patch-tuesday-september-2026
cves,CVE-2023-49105,2,https://thehackernews.com/2026/08/snowflake-github-actions-flaw-lets.html | https://www.cisa.gov/news-events/alerts/2026/08/27/cisa-adds-three-known-exploited-vulnerabilities-catalog
cves,CVE-2023-27350,1,https://www.rapid7.com/blog/post/etr-papercut-ng-mf-critical-zero-day-exploited-in-the-wild
ips,3.8.0.0,1,https://www.microsoft.com/en-us/security/blog/2026/09/01/counterfeit-installers-system-compromise-tracking-deceptive-software-download-campaign/
ips,43.99.100.248,1,https://www.microsoft.com/en-us/security/blog/2026/09/01/counterfeit-installers-system-compromise-tracking-deceptive-software-download-campaign/
ips,43.204.2.142,1,https://blog.talosintelligence.com/fmc-ongoing-exploitation/
ips,47.86.205.97,1,https://www.microsoft.com/en-us/security/blog/2026/09/01/counterfeit-installers-system-compromise-tracking-deceptive-software-download-campaign/
ips,47.239.175.163,1,https://www.microsoft.com/en-us/security/blog/2026/09/01/counterfeit-installers-system-compromise-tracking-deceptive-software-download-campaign/
ips,47.239.232.245,1,https://www.microsoft.com/en-us/security/blog/2026/09/01/counterfeit-installers-system-compromise-tracking-deceptive-software-download-campaign/
ips,47.243.218.255,1,https://www.microsoft.com/en-us/security/blog/2026/09/01/counterfeit-installers-system-compromise-tracking-deceptive-software-download-campaign/
ips,89.34.96.56,1,https://blog.talosintelligence.com/fmc-ongoing-exploitation/
ips,91.214.78.118,1,https://blog.talosintelligence.com/fmc-ongoing-exploitation/
ips,103.156.25.35,1,https://www.microsoft.com/en-us/security/blog/2026/09/01/counterfeit-installers-system-compromise-tracking-deceptive-software-download-campaign/
ips,103.183.3.162,1,https://www.microsoft.com/en-us/security/blog/2026/09/01/counterfeit-installers-system-compromise-tracking-deceptive-software-download-campaign/
ips,104.218.165.253,1,https://blog.talosintelligence.com/fmc-ongoing-exploitation/
ips,161.248.87.157,1,https://www.microsoft.com/en-us/security/blog/2026/09/01/counterfeit-installers-system-compromise-tracking-deceptive-software-download-campaign/
ips,202.95.14.237,1,https://www.microsoft.com/en-us/security/blog/2026/09/01/counterfeit-installers-system-compromise-tracking-deceptive-software-download-campaign/
ips,208.123.119.215,1,https://blog.talosintelligence.com/fmc-ongoing-exploitation/
domains,27s7ihjc.exe,1,https://www.microsoft.com/en-us/security/blog/2026/09/01/counterfeit-installers-system-compromise-tracking-deceptive-software-download-campaign/
domains,2b3l5i.exe,1,https://www.microsoft.com/en-us/security/blog/2026/09/01/counterfeit-installers-system-compromise-tracking-deceptive-software-download-campaign/
domains,360zip.exe,1,https://www.microsoft.com/en-us/security/blog/2026/09/01/counterfeit-installers-system-compromise-tracking-deceptive-software-download-campaign/
domains,40gk5t.exe,1,https://www.microsoft.com/en-us/security/blog/2026/09/01/counterfeit-installers-system-compromise-tracking-deceptive-software-download-campaign/
domains,6653004.zip,1,https://www.microsoft.com/en-us/security/blog/2026/09/01/counterfeit-installers-system-compromise-tracking-deceptive-software-download-campaign/
domains,7eir6va.exe,1,https://www.microsoft.com/en-us/security/blog/2026/09/01/counterfeit-installers-system-compromise-tracking-deceptive-software-download-campaign/
domains,7fyptijy.exe,1,https://www.microsoft.com/en-us/security/blog/2026/09/01/counterfeit-installers-system-compromise-tracking-deceptive-software-download-campaign/
domains,7zfm.exe,1,https://www.microsoft.com/en-us/security/blog/2026/09/01/counterfeit-installers-system-compromise-tracking-deceptive-software-download-campaign/
domains,9beeli.exe,1,https://www.microsoft.com/en-us/security/blog/2026/09/01/counterfeit-installers-system-compromise-tracking-deceptive-software-download-campaign/
domains,ainst8663586104.exe,1,https://www.microsoft.com/en-us/security/blog/2026/09/01/counterfeit-installers-system-compromise-tracking-deceptive-software-download-campaign/
domains,ainstaller-86533003.exe,1,https://www.microsoft.com/en-us/security/blog/2026/09/01/counterfeit-installers-system-compromise-tracking-deceptive-software-download-campaign/
domains,alcuaw.exe,1,https://www.microsoft.com/en-us/security/blog/2026/09/01/counterfeit-installers-system-compromise-tracking-deceptive-software-download-campaign/
domains,app-microsoft-edge.com.cn,1,https://www.microsoft.com/en-us/security/blog/2026/09/01/counterfeit-installers-system-compromise-tracking-deceptive-software-download-campaign/
domains,args.length,1,https://blog.talosintelligence.com/fmc-ongoing-exploitation/
domains,asp.net,2,https://isc.sans.edu/diary/rss/33320 | https://www.rapid7.com/blog/post/em-patch-tuesday-september-2026
domains,audit.log,1,https://www.rapid7.com/blog/post/tr-dprk-apts-ted-backdoor-curlrat-target-south-korean-media-automotive-sectors
domains,auth.log,1,https://www.rapid7.com/blog/post/tr-dprk-apts-ted-backdoor-curlrat-target-south-korean-media-automotive-sectors
domains,baidu-pan.com.cn,1,https://www.microsoft.com/en-us/security/blog/2026/09/01/counterfeit-installers-system-compromise-tracking-deceptive-software-download-campaign/
domains,bcqvw7.exe,1,https://www.microsoft.com/en-us/security/blog/2026/09/01/counterfeit-installers-system-compromise-tracking-deceptive-software-download-campaign/
domains,beuv4mie.exe,1,https://www.microsoft.com/en-us/security/blog/2026/09/01/counterfeit-installers-system-compromise-tracking-deceptive-software-download-campaign/
domains,buf.data,1,https://www.rapid7.com/blog/post/tr-dprk-apts-ted-backdoor-curlrat-target-south-korean-media-automotive-sectors
domains,buf.head,1,https://www.rapid7.com/blog/post/tr-dprk-apts-ted-backdoor-curlrat-target-south-korean-media-automotive-sectors
domains,bxfh.tzcdq.cn,1,https://www.microsoft.com/en-us/security/blog/2026/09/01/counterfeit-installers-system-compromise-tracking-deceptive-software-download-campaign/
domains,calibre-ebook.com.cn,1,https://www.microsoft.com/en-us/security/blog/2026/09/01/counterfeit-installers-system-compromise-tracking-deceptive-software-download-campaign/
domains,cc8ttkv35b.com,1,https://www.microsoft.com/en-us/security/blog/2026/09/01/counterfeit-installers-system-compromise-tracking-deceptive-software-download-campaign/
domains,cmd.exe,1,https://www.microsoft.com/en-us/security/blog/2026/09/01/counterfeit-installers-system-compromise-tracking-deceptive-software-download-campaign/
domains,cmd.jar,1,https://blog.talosintelligence.com/fmc-ongoing-exploitation/
domains,cmd.log,1,https://www.rapid7.com/blog/post/tr-dprk-apts-ted-backdoor-curlrat-target-south-korean-media-automotive-sectors
domains,cn-drawio.com.cn,1,https://www.microsoft.com/en-us/security/blog/2026/09/01/counterfeit-installers-system-compromise-tracking-deceptive-software-download-campaign/
domains,com.cn,1,https://www.microsoft.com/en-us/security/blog/2026/09/01/counterfeit-installers-system-compromise-tracking-deceptive-software-download-campaign/
domains,cybr.sec.con,1,https://blog.talosintelligence.com/weve-got-one-word-for-it-and-its-usually-the-wrong-one/
domains,czijbh.net,1,https://www.microsoft.com/en-us/security/blog/2026/09/01/counterfeit-installers-system-compromise-tracking-deceptive-software-download-campaign/
domains,draw.io,1,https://www.microsoft.com/en-us/security/blog/2026/09/01/counterfeit-installers-system-compromise-tracking-deceptive-software-download-campaign/
domains,e.printstacktrace,1,https://blog.talosintelligence.com/fmc-ongoing-exploitation/
domains,erngxw.exe,1,https://www.microsoft.com/en-us/security/blog/2026/09/01/counterfeit-installers-system-compromise-tracking-deceptive-software-download-campaign/
domains,euioxu.net,1,https://www.microsoft.com/en-us/security/blog/2026/09/01/counterfeit-installers-system-compromise-tracking-deceptive-software-download-campaign/
domains,exploit.jar,1,https://blog.talosintelligence.com/fmc-ongoing-exploitation/
domains,explorer.exe,1,https://www.microsoft.com/en-us/security/blog/2026/09/01/counterfeit-installers-system-compromise-tracking-deceptive-software-download-campaign/
domains,ge86zr.exe,1,https://www.microsoft.com/en-us/security/blog/2026/09/01/counterfeit-installers-system-compromise-tracking-deceptive-software-download-campaign/
domains,gehie246.com,1,https://www.microsoft.com/en-us/security/blog/2026/09/01/counterfeit-installers-system-compromise-tracking-deceptive-software-download-campaign/
domains,gw-sogou.com.cn,1,https://www.microsoft.com/en-us/security/blog/2026/09/01/counterfeit-installers-system-compromise-tracking-deceptive-software-download-campaign/
domains,haproxy-1000.cache,1,https://www.rapid7.com/blog/post/tr-dprk-apts-ted-backdoor-curlrat-target-south-korean-media-automotive-sectors
domains,haproxy-1000.cache.bak,1,https://www.rapid7.com/blog/post/tr-dprk-apts-ted-backdoor-curlrat-target-south-korean-media-automotive-sectors
domains,haproxy-1001.cache,1,https://www.rapid7.com/blog/post/tr-dprk-apts-ted-backdoor-curlrat-target-south-korean-media-automotive-sectors
domains,haproxy-1002.cache,1,https://www.rapid7.com/blog/post/tr-dprk-apts-ted-backdoor-curlrat-target-south-korean-media-automotive-sectors
domains,haproxy.pid,1,https://www.rapid7.com/blog/post/tr-dprk-apts-ted-backdoor-curlrat-target-south-korean-media-automotive-sectors
domains,hl.cn,1,https://www.microsoft.com/en-us/security/blog/2026/09/01/counterfeit-installers-system-compromise-tracking-deceptive-software-download-campaign/
domains,home.jsp,1,https://blog.talosintelligence.com/fmc-ongoing-exploitation/
domains,http.sys,2,https://isc.sans.edu/diary/rss/33320 | https://www.rapid7.com/blog/post/em-patch-tuesday-september-2026
domains,i.dll,1,https://www.microsoft.com/en-us/security/blog/2026/09/01/counterfeit-installers-system-compromise-tracking-deceptive-software-download-campaign/
domains,idscan.net,1,https://krebsonsecurity.com/2026/09/fbi-probes-service-selling-153m-drivers-licenses/
domains,img.darklights.store,1,https://www.rapid7.com/blog/post/tr-dprk-apts-ted-backdoor-curlrat-target-south-korean-media-automotive-sectors
domains,img.monderhouse.space,1,https://www.rapid7.com/blog/post/tr-dprk-apts-ted-backdoor-curlrat-target-south-korean-media-automotive-sectors
domains,img.responsive.pstatic.autos,1,https://www.rapid7.com/blog/post/tr-dprk-apts-ted-backdoor-curlrat-target-south-korean-media-automotive-sectors
domains,img.smartnords.site,1,https://www.rapid7.com/blog/post/tr-dprk-apts-ted-backdoor-curlrat-target-south-korean-media-automotive-sectors
domains,img.socialteams.store,1,https://www.rapid7.com/blog/post/tr-dprk-apts-ted-backdoor-curlrat-target-south-korean-media-automotive-sectors
domains,img.worksongo.store,1,https://www.rapid7.com/blog/post/tr-dprk-apts-ted-backdoor-curlrat-target-south-korean-media-automotive-sectors
domains,innstll.1.0.61.zip,1,https://www.microsoft.com/en-us/security/blog/2026/09/01/counterfeit-installers-system-compromise-tracking-deceptive-software-download-campaign/
domains,isc.sans.edu,1,https://isc.sans.edu/diary/rss/33320
domains,iualef.net,1,https://www.microsoft.com/en-us/security/blog/2026/09/01/counterfeit-installers-system-compromise-tracking-deceptive-software-download-campaign/
domains,java.io.bufferedreader,1,https://blog.talosintelligence.com/fmc-ongoing-exploitation/
domains,java.io.inputstreamreader,1,https://blog.talosintelligence.com/fmc-ongoing-exploitation/
domains,kaspersky-lab.hl.cn,1,https://www.microsoft.com/en-us/security/blog/2026/09/01/counterfeit-installers-system-compromise-tracking-deceptive-software-download-campaign/
domains,libvirtlog.so,1,https://www.rapid7.com/blog/post/tr-dprk-apts-ted-backdoor-curlrat-target-south-korean-media-automotive-sectors
domains,license.tmp,1,https://blog.talosintelligence.com/fmc-ongoing-exploitation/
domains,lrrhwp.exe,1,https://www.microsoft.com/en-us/security/blog/2026/09/01/counterfeit-installers-system-compromise-tracking-deceptive-software-download-campaign/
domains,mebx78e02.com,1,https://www.microsoft.com/en-us/security/blog/2026/09/01/counterfeit-installers-system-compromise-tracking-deceptive-software-download-campaign/
domains,mindmoster.com.cn,1,https://www.microsoft.com/en-us/security/blog/2026/09/01/counterfeit-installers-system-compromise-tracking-deceptive-software-download-campaign/
domains,msedge.exe,1,https://www.microsoft.com/en-us/security/blog/2026/09/01/counterfeit-installers-system-compromise-tracking-deceptive-software-download-campaign/
domains,msiexec.exe,1,https://www.microsoft.com/en-us/security/blog/2026/09/01/counterfeit-installers-system-compromise-tracking-deceptive-software-download-campaign/
domains,n7b8t85zsg.com,1,https://www.microsoft.com/en-us/security/blog/2026/09/01/counterfeit-installers-system-compromise-tracking-deceptive-software-download-campaign/
domains,newopt001.oss-cn-hongkong.aliyuncs.com,1,https://www.microsoft.com/en-us/security/blog/2026/09/01/counterfeit-installers-system-compromise-tracking-deceptive-software-download-campaign/
domains,nimon.unix,1,https://www.rapid7.com/blog/post/tr-dprk-apts-ted-backdoor-curlrat-target-south-korean-media-automotive-sectors
domains,node.js,2,https://isc.sans.edu/diary/rss/33320 | https://www.rapid7.com/blog/post/em-patch-tuesday-september-2026
domains,ocam-pc.com.cn,1,https://www.microsoft.com/en-us/security/blog/2026/09/01/counterfeit-installers-system-compromise-tracking-deceptive-software-download-campaign/
domains,oijfwe.net,1,https://www.microsoft.com/en-us/security/blog/2026/09/01/counterfeit-installers-system-compromise-tracking-deceptive-software-download-campaign/
domains,omniquery.pl,1,https://blog.talosintelligence.com/fmc-ongoing-exploitation/
domains,patchlens.io,1,https://isc.sans.edu/diary/rss/33320
domains,pb.redirecterrorstream,1,https://blog.talosintelligence.com/fmc-ongoing-exploitation/
domains,pb.start,1,https://blog.talosintelligence.com/fmc-ongoing-exploitation/
domains,pc-app.exe,1,https://www.rapid7.com/blog/post/etr-papercut-ng-mf-critical-zero-day-exploited-in-the-wild
domains,pc-razerzone.com.cn,1,https://www.microsoft.com/en-us/security/blog/2026/09/01/counterfeit-installers-system-compromise-tracking-deceptive-software-download-campaign/
domains,philipsspeechdriverconfiguration.exe,1,https://www.microsoft.com/en-us/security/blog/2026/09/01/counterfeit-installers-system-compromise-tracking-deceptive-software-download-campaign/
domains,powershell.exe,1,https://www.microsoft.com/en-us/security/blog/2026/09/01/counterfeit-installers-system-compromise-tracking-deceptive-software-download-campaign/
domains,process.getinputstream,1,https://blog.talosintelligence.com/fmc-ongoing-exploitation/
domains,process.waitfor,1,https://blog.talosintelligence.com/fmc-ongoing-exploitation/
domains,pstatic.net,1,https://www.rapid7.com/blog/post/tr-dprk-apts-ted-backdoor-curlrat-target-south-korean-media-automotive-sectors
domains,qwjre1487.com,1,https://www.microsoft.com/en-us/security/blog/2026/09/01/counterfeit-installers-system-compromise-tracking-deceptive-software-download-campaign/
domains,reader.readline,1,https://blog.talosintelligence.com/fmc-ongoing-exploitation/
domains,request.getparameter,1,https://blog.talosintelligence.com/fmc-ongoing-exploitation/
domains,rht9aq.exe,1,https://www.microsoft.com/en-us/security/blog/2026/09/01/counterfeit-installers-system-compromise-tracking-deceptive-software-download-campaign/
domains,rundll32.exe,1,https://blog.talosintelligence.com/weve-got-one-word-for-it-and-its-usually-the-wrong-one/
domains,sample.exe,1,https://blog.talosintelligence.com/weve-got-one-word-for-it-and-its-usually-the-wrong-one/
domains,sans.edu,1,https://isc.sans.edu/diary/rss/33320
domains,sayc4mga.exe,1,https://www.microsoft.com/en-us/security/blog/2026/09/01/counterfeit-installers-system-compromise-tracking-deceptive-software-download-campaign/
domains,secoh-qad.exe,1,https://blog.talosintelligence.com/weve-got-one-word-for-it-and-its-usually-the-wrong-one/
domains,sejda.hl.cn,1,https://www.microsoft.com/en-us/security/blog/2026/09/01/counterfeit-installers-system-compromise-tracking-deceptive-software-download-campaign/
domains,server.log,1,https://www.rapid7.com/blog/post/etr-papercut-ng-mf-critical-zero-day-exploited-in-the-wild
domains,socks5.py,1,https://blog.talosintelligence.com/fmc-ongoing-exploitation/
domains,spaceport.sys,2,https://isc.sans.edu/diary/rss/33320 | https://www.rapid7.com/blog/post/em-patch-tuesday-september-2026
domains,srvnet.sys,2,https://isc.sans.edu/diary/rss/33320 | https://www.rapid7.com/blog/post/em-patch-tuesday-september-2026
domains,steelseries-cn.com.cn,1,https://www.microsoft.com/en-us/security/blog/2026/09/01/counterfeit-installers-system-compromise-tracking-deceptive-software-download-campaign/
domains,svchost.exe,1,https://www.microsoft.com/en-us/security/blog/2026/09/01/counterfeit-installers-system-compromise-tracking-deceptive-software-download-campaign/
domains,system.exit,1,https://blog.talosintelligence.com/fmc-ongoing-exploitation/
domains,system.out.println,1,https://blog.talosintelligence.com/fmc-ongoing-exploitation/
domains,tbdqxq.net,1,https://www.microsoft.com/en-us/security/blog/2026/09/01/counterfeit-installers-system-compromise-tracking-deceptive-software-download-campaign/
domains,them.the,1,https://www.microsoft.com/en-us/security/blog/2026/09/01/counterfeit-installers-system-compromise-tracking-deceptive-software-download-campaign/
domains,this.getclass,1,https://blog.talosintelligence.com/fmc-ongoing-exploitation/
domains,tmp00055df5.dll,1,https://blog.talosintelligence.com/weve-got-one-word-for-it-and-its-usually-the-wrong-one/
domains,tmsq.tzcdq.cn,1,https://www.microsoft.com/en-us/security/blog/2026/09/01/counterfeit-installers-system-compromise-tracking-deceptive-software-download-campaign/
domains,translate-youdao.hl.cn,1,https://www.microsoft.com/en-us/security/blog/2026/09/01/counterfeit-installers-system-compromise-tracking-deceptive-software-download-campaign/
domains,upitem.oss-cn-hangzhou.aliyuncs.com,1,https://www.microsoft.com/en-us/security/blog/2026/09/01/counterfeit-installers-system-compromise-tracking-deceptive-software-download-campaign/
domains,usbaudio.sys,2,https://isc.sans.edu/diary/rss/33320 | https://www.rapid7.com/blog/post/em-patch-tuesday-september-2026
domains,user-lookup.db,1,https://www.rapid7.com/blog/post/etr-papercut-ng-mf-critical-zero-day-exploited-in-the-wild
domains,user-lookup.enabled,1,https://www.rapid7.com/blog/post/etr-papercut-ng-mf-critical-zero-day-exploited-in-the-wild
domains,user-lookup.id,1,https://www.rapid7.com/blog/post/etr-papercut-ng-mf-critical-zero-day-exploited-in-the-wild
domains,uxenhance64.dll,1,https://www.microsoft.com/en-us/security/blog/2026/09/01/counterfeit-installers-system-compromise-tracking-deceptive-software-download-campaign/
domains,uxtheme.dll,2,https://isc.sans.edu/diary/rss/33320 | https://www.rapid7.com/blog/post/em-patch-tuesday-september-2026
domains,vid001.exe,1,https://blog.talosintelligence.com/weve-got-one-word-for-it-and-its-usually-the-wrong-one/
domains,volsnap.sys,2,https://isc.sans.edu/diary/rss/33320 | https://www.rapid7.com/blog/post/em-patch-tuesday-september-2026
domains,w32.9f1f11a708-100.sbx.tg,1,https://blog.talosintelligence.com/weve-got-one-word-for-it-and-its-usually-the-wrong-one/
domains,w32.c4dd71e347-95.sbx.tg,1,https://blog.talosintelligence.com/weve-got-one-word-for-it-and-its-usually-the-wrong-one/
domains,wfmwsj.net,1,https://www.microsoft.com/en-us/security/blog/2026/09/01/counterfeit-installers-system-compromise-tracking-deceptive-software-download-campaign/
domains,win.dropper.suloc,1,https://blog.talosintelligence.com/weve-got-one-word-for-it-and-its-usually-the-wrong-one/
domains,win.tool.procpatcher,1,https://blog.talosintelligence.com/weve-got-one-word-for-it-and-its-usually-the-wrong-one/
domains,winrar.exe,1,https://www.microsoft.com/en-us/security/blog/2026/09/01/counterfeit-installers-system-compromise-tracking-deceptive-software-download-campaign/
domains,www.gehie246.com,1,https://www.microsoft.com/en-us/security/blog/2026/09/01/counterfeit-installers-system-compromise-tracking-deceptive-software-download-campaign/
domains,xo7tj9xq.exe,1,https://www.microsoft.com/en-us/security/blog/2026/09/01/counterfeit-installers-system-compromise-tracking-deceptive-software-download-campaign/
domains,xpsplog.dll,1,https://www.microsoft.com/en-us/security/blog/2026/09/01/counterfeit-installers-system-compromise-tracking-deceptive-software-download-campaign/
domains,yimxg25tiy.com,1,https://www.microsoft.com/en-us/security/blog/2026/09/01/counterfeit-installers-system-compromise-tracking-deceptive-software-download-campaign/
domains,zh-diskgenius.com.cn,1,https://www.microsoft.com/en-us/security/blog/2026/09/01/counterfeit-installers-system-compromise-tracking-deceptive-software-download-campaign/
sha256,009a1e2d7a582a24e50cf2ffc2a005482c8e38f22bf5ed416053855f8d054e1e,1,https://www.rapid7.com/blog/post/tr-dprk-apts-ted-backdoor-curlrat-target-south-korean-media-automotive-sectors
sha256,09739441ed4599bac2f8159028f772f71e4b25c8badfff95574e56d7384f3dbe,1,https://www.rapid7.com/blog/post/tr-dprk-apts-ted-backdoor-curlrat-target-south-korean-media-automotive-sectors
sha256,12810854c8b2c391b23e2e18b013e873d0369b0637aa3cf993136c07188ba3b8,1,https://www.rapid7.com/blog/post/tr-dprk-apts-ted-backdoor-curlrat-target-south-korean-media-automotive-sectors
sha256,1bd3662d784840e410d2d3c0a1040277f7f549089447359f01e05c2559cb1f17,1,https://www.microsoft.com/en-us/security/blog/2026/09/01/counterfeit-installers-system-compromise-tracking-deceptive-software-download-campaign/
sha256,2f02b09d61d432134e994ad671258f523bbf289ae6091fd4eae192c60bd51b6f,1,https://www.rapid7.com/blog/post/tr-dprk-apts-ted-backdoor-curlrat-target-south-korean-media-automotive-sectors
sha256,4bb923eb040aa13ca8fd409c31ee4729c60ddff32e350efe1c5a4a9168a065f5,1,https://www.rapid7.com/blog/post/tr-dprk-apts-ted-backdoor-curlrat-target-south-korean-media-automotive-sectors
sha256,5bb86c1cd08fe5e1516cba35c85fc03e503bd1b5469113ffa1f1b9e10897f811,1,https://blog.talosintelligence.com/weve-got-one-word-for-it-and-its-usually-the-wrong-one/
sha256,5db1b6d52faf60b4f32d6fd0c7c938e4d05d29a14c32ded4a9668357c08b6a91,1,https://www.rapid7.com/blog/post/tr-dprk-apts-ted-backdoor-curlrat-target-south-korean-media-automotive-sectors
sha256,676a2a7b94ca2f8ec76352ee656e4d075bb342bd7ad6efbc7c19c060001eace7,1,https://www.microsoft.com/en-us/security/blog/2026/09/01/counterfeit-installers-system-compromise-tracking-deceptive-software-download-campaign/
sha256,6cf1b5e92a9c0756f597a5ddefb38eba32961c52efac7ab2a0aa52c639a8fc53,1,https://www.rapid7.com/blog/post/tr-dprk-apts-ted-backdoor-curlrat-target-south-korean-media-automotive-sectors
sha256,6d6ba2bc9ad414837826f7278bc3e0116f1aeda02d0c2284ed65819f5d9180a8,1,https://www.microsoft.com/en-us/security/blog/2026/09/01/counterfeit-installers-system-compromise-tracking-deceptive-software-download-campaign/
sha256,6f98add5d1a7729192b6ad8491d85c505c64836f7881742d6b93bd8e3d2fe461,1,https://blog.talosintelligence.com/fmc-ongoing-exploitation/
sha256,7007a78d50a993cb174c685eba96eb442c9507e38fd9d8e5dffc712f613ec110,1,https://www.rapid7.com/blog/post/tr-dprk-apts-ted-backdoor-curlrat-target-south-korean-media-automotive-sectors
sha256,72e70936f0dbe459142a1d867617c35f8d0cce5d18c6a49e1090a2a5adc8e558,1,https://www.rapid7.com/blog/post/tr-dprk-apts-ted-backdoor-curlrat-target-south-korean-media-automotive-sectors
sha256,83f7d565b0465546027052b597af46eae3a199e7a91fcc2ab936341147349130,1,https://www.rapid7.com/blog/post/tr-dprk-apts-ted-backdoor-curlrat-target-south-korean-media-automotive-sectors
sha256,8f30b57928934ae67478d0e690c91d046e35a638da098d02922a4a88a0fdb66c,1,https://www.rapid7.com/blog/post/tr-dprk-apts-ted-backdoor-curlrat-target-south-korean-media-automotive-sectors
sha256,90b1456cdbe6bc2779ea0b4736ed9a998a71ae37390331b6ba87e389a49d3d59,1,https://blog.talosintelligence.com/weve-got-one-word-for-it-and-its-usually-the-wrong-one/
sha256,94630b96f628c96a6bff7904b40ffc9ad67c86f8a4ff6080c3b524831c93f402,1,https://www.rapid7.com/blog/post/tr-dprk-apts-ted-backdoor-curlrat-target-south-korean-media-automotive-sectors
sha256,9896a6fcb9bb5ac1ec5297b4a65be3f647589adf7c37b45f3f7466decd6a4a7f,1,https://blog.talosintelligence.com/weve-got-one-word-for-it-and-its-usually-the-wrong-one/
sha256,9f1f11a708d393e0a4109ae189bc64f1f3e312653dcf317a2bd406f18ffcc507,1,https://blog.talosintelligence.com/weve-got-one-word-for-it-and-its-usually-the-wrong-one/
sha256,a1d8af3a6acb731f07f72040eccb3450c1c83d40e29f736c2a63d35388660be4,1,https://www.rapid7.com/blog/post/tr-dprk-apts-ted-backdoor-curlrat-target-south-korean-media-automotive-sectors
sha256,a8bfab4de81a1acb04aacdf757346946b0f5e30f0c9f402004016d0e425119c7,1,https://www.rapid7.com/blog/post/tr-dprk-apts-ted-backdoor-curlrat-target-south-korean-media-automotive-sectors
sha256,b037f45e02a289325a1a5eb0d4db6a9fce9954fd0fdfd07162cb4eb2acbef77d,1,https://blog.talosintelligence.com/fmc-ongoing-exploitation/
sha256,c4100ad39d8db98f063feb6c3b6c8e9a9f9d9bf25a1e0233f43b058ff8a7dbdf,1,https://www.microsoft.com/en-us/security/blog/2026/09/01/counterfeit-installers-system-compromise-tracking-deceptive-software-download-campaign/
sha256,c4dd71e347a076ba24bdd2d0ee532ef991c1ef25a2431a19f850942ba2ab16b2,1,https://blog.talosintelligence.com/weve-got-one-word-for-it-and-its-usually-the-wrong-one/
sha256,c6100166e2d3b40388980f7674712ef39e937ac04925ca5d370415399ed73faf,1,https://www.microsoft.com/en-us/security/blog/2026/09/01/counterfeit-installers-system-compromise-tracking-deceptive-software-download-campaign/
sha256,d53c760c23b4405eb04ad0f20ead375440344b3bdf1fb7854ed12e40d155eabe,1,https://www.rapid7.com/blog/post/tr-dprk-apts-ted-backdoor-curlrat-target-south-korean-media-automotive-sectors
sha256,db491181ece3f319de6567ab6f6daa90c6879911cd890155e6b7d8cc7a1a8c8e,1,https://blog.talosintelligence.com/fmc-ongoing-exploitation/
sha256,e4fe2dee8f0bb132fa15fc686d1f93df39530a2d3a8d3a1f3a605a057c04e7b3,1,https://www.microsoft.com/en-us/security/blog/2026/09/01/counterfeit-installers-system-compromise-tracking-deceptive-software-download-campaign/
sha256,ed72f4cd8d467b5c5d95ae6aeca4aaeea14d79565d379c1ca5871a714727be16,1,https://www.rapid7.com/blog/post/tr-dprk-apts-ted-backdoor-curlrat-target-south-korean-media-automotive-sectors
sha256,f33d160d757e4b39019fdef21cf90cafb501b800ca0d4039366bc30856e3d81b,1,https://www.microsoft.com/en-us/security/blog/2026/09/01/counterfeit-installers-system-compromise-tracking-deceptive-software-download-campaign/
sha256,fea1bc36632c71e5a839803469ef60ac47595d36b2c50934ac109ade6df06e61,1,https://www.rapid7.com/blog/post/tr-dprk-apts-ted-backdoor-curlrat-target-south-korean-media-automotive-sectors
sha256,feeea9d0bf6ae7396d28271baa51ae50df5169ce5d32a516865856f91abc50b3,1,https://www.rapid7.com/blog/post/tr-dprk-apts-ted-backdoor-curlrat-target-south-korean-media-automotive-sectors
md5,2915b3f8b703eb744fc54c81f4a9c67f,1,https://blog.talosintelligence.com/weve-got-one-word-for-it-and-its-usually-the-wrong-one/
md5,38de5b216c33833af710e88f7f64fc98,1,https://blog.talosintelligence.com/weve-got-one-word-for-it-and-its-usually-the-wrong-one/
md5,9a47c4d379998ade2f8f99e23a630c06,1,https://blog.talosintelligence.com/weve-got-one-word-for-it-and-its-usually-the-wrong-one/
md5,c2efb2dcacba6d3ccc175b6ce1b7ed0a,1,https://blog.talosintelligence.com/weve-got-one-word-for-it-and-its-usually-the-wrong-one/
md5,c8c68e629bba773a10ac80012d10bf19,1,https://www.rapid7.com/blog/post/tr-dprk-apts-ted-backdoor-curlrat-target-south-korean-media-automotive-sectors
md5,ecd427ea8330a4ff73618483e00b9b41,1,https://www.rapid7.com/blog/post/tr-dprk-apts-ted-backdoor-curlrat-target-south-korean-media-automotive-sectors
md5,f3e82419a43220a7a222fc01b7607adc,1,https://blog.talosintelligence.com/weve-got-one-word-for-it-and-its-usually-the-wrong-one/
