type,value,article_count,sources
cves,CVE-2026-88259,1,https://www.cisa.gov/news-events/ics-advisories/icsa-26-258-08
cves,CVE-2026-87719,1,https://www.rapid7.com/blog/post/etr-cve-2026-85706-critical-gitlab-path-traversal-exploited-in-the-wild
cves,CVE-2026-87491,1,https://www.cisa.gov/news-events/alerts/2026/09/09/cisa-adds-four-known-exploited-vulnerabilities-catalog
cves,CVE-2026-87020,1,https://www.cisa.gov/news-events/ics-medical-advisories/icsma-26-253-02
cves,CVE-2026-86924,1,https://isc.sans.edu/diary/rss/33336
cves,CVE-2026-86917,1,https://isc.sans.edu/diary/rss/33336
cves,CVE-2026-86911,1,https://isc.sans.edu/diary/rss/33336
cves,CVE-2026-86910,1,https://isc.sans.edu/diary/rss/33336
cves,CVE-2026-86909,1,https://isc.sans.edu/diary/rss/33336
cves,CVE-2026-86905,1,https://isc.sans.edu/diary/rss/33336
cves,CVE-2026-86904,1,https://isc.sans.edu/diary/rss/33336
cves,CVE-2026-86903,1,https://isc.sans.edu/diary/rss/33336
cves,CVE-2026-86902,1,https://isc.sans.edu/diary/rss/33336
cves,CVE-2026-86901,1,https://isc.sans.edu/diary/rss/33336
cves,CVE-2026-86900,1,https://isc.sans.edu/diary/rss/33336
cves,CVE-2026-86898,1,https://isc.sans.edu/diary/rss/33336
cves,CVE-2026-86897,1,https://isc.sans.edu/diary/rss/33336
cves,CVE-2026-86895,1,https://isc.sans.edu/diary/rss/33336
cves,CVE-2026-86894,1,https://isc.sans.edu/diary/rss/33336
cves,CVE-2026-86893,1,https://isc.sans.edu/diary/rss/33336
cves,CVE-2026-86892,1,https://isc.sans.edu/diary/rss/33336
cves,CVE-2026-86891,1,https://isc.sans.edu/diary/rss/33336
cves,CVE-2026-86890,1,https://isc.sans.edu/diary/rss/33336
cves,CVE-2026-86889,1,https://isc.sans.edu/diary/rss/33336
cves,CVE-2026-86888,1,https://isc.sans.edu/diary/rss/33336
cves,CVE-2026-86887,1,https://isc.sans.edu/diary/rss/33336
cves,CVE-2026-86886,1,https://isc.sans.edu/diary/rss/33336
cves,CVE-2026-86885,1,https://isc.sans.edu/diary/rss/33336
cves,CVE-2026-86884,1,https://isc.sans.edu/diary/rss/33336
cves,CVE-2026-86883,1,https://isc.sans.edu/diary/rss/33336
cves,CVE-2026-86882,1,https://isc.sans.edu/diary/rss/33336
cves,CVE-2026-86881,1,https://isc.sans.edu/diary/rss/33336
cves,CVE-2026-86879,1,https://isc.sans.edu/diary/rss/33336
cves,CVE-2026-86878,1,https://isc.sans.edu/diary/rss/33336
cves,CVE-2026-86876,1,https://isc.sans.edu/diary/rss/33336
cves,CVE-2026-86870,1,https://isc.sans.edu/diary/rss/33336
cves,CVE-2026-86869,1,https://isc.sans.edu/diary/rss/33336
cves,CVE-2026-86218,1,https://www.cisa.gov/news-events/alerts/2026/09/08/cisa-adds-four-known-exploited-vulnerabilities-catalog
cves,CVE-2026-86207,1,https://www.rapid7.com/blog/post/ve-cve-2026-86206-cve-2026-86207-n-able-n-central-authentication-bypass-fixed
cves,CVE-2026-86206,1,https://www.rapid7.com/blog/post/ve-cve-2026-86206-cve-2026-86207-n-able-n-central-authentication-bypass-fixed
cves,CVE-2026-85880,5,https://blog.talosintelligence.com/microsoft-patch-tuesday-for-september-2026/ | https://isc.sans.edu/diary/rss/33320 | https://krebsonsecurity.com/2026/09/microsoft-plugs-nearly-1000-security-holes/ | https://www.cisa.gov/news-events/alerts/2026/09/08/cisa-adds-four-known-exploited-vulnerabilities-catalog | https://www.rapid7.com/blog/post/em-patch-tuesday-september-2026
cves,CVE-2026-85877,1,https://www.rapid7.com/blog/post/em-patch-tuesday-september-2026
cves,CVE-2026-85875,1,https://www.rapid7.com/blog/post/em-patch-tuesday-september-2026
cves,CVE-2026-85706,1,https://www.rapid7.com/blog/post/etr-cve-2026-85706-critical-gitlab-path-traversal-exploited-in-the-wild
cves,CVE-2026-85497,1,https://www.cisa.gov/news-events/ics-advisories/icsa-26-258-08
cves,CVE-2026-85478,1,https://www.cisa.gov/news-events/ics-advisories/icsa-26-258-08
cves,CVE-2026-85360,1,https://www.rapid7.com/blog/post/em-patch-tuesday-september-2026
cves,CVE-2026-85083,1,https://www.cisa.gov/news-events/ics-advisories/icsa-26-251-01
cves,CVE-2026-85046,1,https://www.rapid7.com/blog/post/em-patch-tuesday-september-2026
cves,CVE-2026-85045,1,https://www.rapid7.com/blog/post/em-patch-tuesday-september-2026
cves,CVE-2026-84869,1,https://www.cisa.gov/news-events/alerts/2026/09/11/cisa-adds-three-known-exploited-vulnerabilities-catalog
cves,CVE-2026-84636,1,https://isc.sans.edu/diary/rss/33336
cves,CVE-2026-84635,1,https://isc.sans.edu/diary/rss/33336
cves,CVE-2026-84632,1,https://isc.sans.edu/diary/rss/33336
cves,CVE-2026-84631,1,https://isc.sans.edu/diary/rss/33336
cves,CVE-2026-84629,1,https://isc.sans.edu/diary/rss/33336
cves,CVE-2026-84628,1,https://isc.sans.edu/diary/rss/33336
cves,CVE-2026-84626,1,https://isc.sans.edu/diary/rss/33336
cves,CVE-2026-84625,1,https://isc.sans.edu/diary/rss/33336
cves,CVE-2026-84624,1,https://isc.sans.edu/diary/rss/33336
cves,CVE-2026-84623,1,https://isc.sans.edu/diary/rss/33336
cves,CVE-2026-84622,1,https://isc.sans.edu/diary/rss/33336
cves,CVE-2026-84621,1,https://isc.sans.edu/diary/rss/33336
cves,CVE-2026-84620,1,https://isc.sans.edu/diary/rss/33336
cves,CVE-2026-84619,1,https://isc.sans.edu/diary/rss/33336
cves,CVE-2026-84618,1,https://isc.sans.edu/diary/rss/33336
cves,CVE-2026-84617,1,https://isc.sans.edu/diary/rss/33336
cves,CVE-2026-84616,1,https://isc.sans.edu/diary/rss/33336
cves,CVE-2026-84615,1,https://isc.sans.edu/diary/rss/33336
cves,CVE-2026-84612,1,https://isc.sans.edu/diary/rss/33336
cves,CVE-2026-84611,1,https://isc.sans.edu/diary/rss/33336
cves,CVE-2026-84609,1,https://isc.sans.edu/diary/rss/33336
cves,CVE-2026-84607,1,https://isc.sans.edu/diary/rss/33336
cves,CVE-2026-84606,1,https://isc.sans.edu/diary/rss/33336
cves,CVE-2026-84603,1,https://isc.sans.edu/diary/rss/33336
cves,CVE-2026-84602,1,https://isc.sans.edu/diary/rss/33336
cves,CVE-2026-84601,1,https://isc.sans.edu/diary/rss/33336
cves,CVE-2026-84600,1,https://isc.sans.edu/diary/rss/33336
cves,CVE-2026-84598,1,https://isc.sans.edu/diary/rss/33336
cves,CVE-2026-84597,1,https://isc.sans.edu/diary/rss/33336
cves,CVE-2026-84596,1,https://isc.sans.edu/diary/rss/33336
cves,CVE-2026-84593,1,https://isc.sans.edu/diary/rss/33336
cves,CVE-2026-84589,1,https://isc.sans.edu/diary/rss/33336
cves,CVE-2026-84588,1,https://isc.sans.edu/diary/rss/33336
cves,CVE-2026-84587,1,https://isc.sans.edu/diary/rss/33336
cves,CVE-2026-84586,1,https://isc.sans.edu/diary/rss/33336
cves,CVE-2026-84585,1,https://isc.sans.edu/diary/rss/33336
cves,CVE-2026-84584,1,https://isc.sans.edu/diary/rss/33336
cves,CVE-2026-84583,1,https://isc.sans.edu/diary/rss/33336
cves,CVE-2026-84581,1,https://isc.sans.edu/diary/rss/33336
cves,CVE-2026-84580,1,https://isc.sans.edu/diary/rss/33336
cves,CVE-2026-84578,1,https://isc.sans.edu/diary/rss/33336
cves,CVE-2026-84577,1,https://isc.sans.edu/diary/rss/33336
cves,CVE-2026-84576,1,https://isc.sans.edu/diary/rss/33336
cves,CVE-2026-84575,1,https://isc.sans.edu/diary/rss/33336
cves,CVE-2026-84574,1,https://isc.sans.edu/diary/rss/33336
cves,CVE-2026-84573,1,https://isc.sans.edu/diary/rss/33336
cves,CVE-2026-84572,1,https://isc.sans.edu/diary/rss/33336
cves,CVE-2026-84571,1,https://isc.sans.edu/diary/rss/33336
cves,CVE-2026-84570,1,https://isc.sans.edu/diary/rss/33336
cves,CVE-2026-84569,1,https://isc.sans.edu/diary/rss/33336
cves,CVE-2026-84568,1,https://isc.sans.edu/diary/rss/33336
cves,CVE-2026-84567,1,https://isc.sans.edu/diary/rss/33336
cves,CVE-2026-84566,1,https://isc.sans.edu/diary/rss/33336
cves,CVE-2026-84565,1,https://isc.sans.edu/diary/rss/33336
cves,CVE-2026-84564,1,https://isc.sans.edu/diary/rss/33336
cves,CVE-2026-84563,1,https://isc.sans.edu/diary/rss/33336
cves,CVE-2026-84561,1,https://isc.sans.edu/diary/rss/33336
cves,CVE-2026-84560,1,https://isc.sans.edu/diary/rss/33336
cves,CVE-2026-84559,1,https://isc.sans.edu/diary/rss/33336
cves,CVE-2026-84558,1,https://isc.sans.edu/diary/rss/33336
cves,CVE-2026-84556,1,https://isc.sans.edu/diary/rss/33336
cves,CVE-2026-84555,1,https://isc.sans.edu/diary/rss/33336
cves,CVE-2026-84554,1,https://isc.sans.edu/diary/rss/33336
cves,CVE-2026-84553,1,https://isc.sans.edu/diary/rss/33336
cves,CVE-2026-84552,1,https://isc.sans.edu/diary/rss/33336
cves,CVE-2026-84551,1,https://isc.sans.edu/diary/rss/33336
cves,CVE-2026-84550,1,https://isc.sans.edu/diary/rss/33336
cves,CVE-2026-84549,1,https://isc.sans.edu/diary/rss/33336
cves,CVE-2026-84548,1,https://isc.sans.edu/diary/rss/33336
cves,CVE-2026-84544,1,https://isc.sans.edu/diary/rss/33336
cves,CVE-2026-84543,1,https://isc.sans.edu/diary/rss/33336
cves,CVE-2026-84541,1,https://isc.sans.edu/diary/rss/33336
cves,CVE-2026-84540,1,https://isc.sans.edu/diary/rss/33336
cves,CVE-2026-84538,1,https://isc.sans.edu/diary/rss/33336
cves,CVE-2026-84537,1,https://isc.sans.edu/diary/rss/33336
cves,CVE-2026-84536,1,https://isc.sans.edu/diary/rss/33336
cves,CVE-2026-84535,1,https://isc.sans.edu/diary/rss/33336
cves,CVE-2026-84534,1,https://isc.sans.edu/diary/rss/33336
cves,CVE-2026-84533,1,https://isc.sans.edu/diary/rss/33336
cves,CVE-2026-84532,1,https://isc.sans.edu/diary/rss/33336
cves,CVE-2026-84531,1,https://isc.sans.edu/diary/rss/33336
cves,CVE-2026-84530,1,https://isc.sans.edu/diary/rss/33336
cves,CVE-2026-84527,1,https://isc.sans.edu/diary/rss/33336
cves,CVE-2026-84526,1,https://isc.sans.edu/diary/rss/33336
cves,CVE-2026-84525,1,https://isc.sans.edu/diary/rss/33336
cves,CVE-2026-84524,1,https://isc.sans.edu/diary/rss/33336
cves,CVE-2026-84523,1,https://isc.sans.edu/diary/rss/33336
cves,CVE-2026-84522,1,https://isc.sans.edu/diary/rss/33336
cves,CVE-2026-84521,1,https://isc.sans.edu/diary/rss/33336
cves,CVE-2026-84520,1,https://isc.sans.edu/diary/rss/33336
cves,CVE-2026-84519,1,https://isc.sans.edu/diary/rss/33336
cves,CVE-2026-84518,1,https://isc.sans.edu/diary/rss/33336
cves,CVE-2026-84517,1,https://isc.sans.edu/diary/rss/33336
cves,CVE-2026-84516,1,https://isc.sans.edu/diary/rss/33336
cves,CVE-2026-84515,1,https://isc.sans.edu/diary/rss/33336
cves,CVE-2026-84514,1,https://isc.sans.edu/diary/rss/33336
cves,CVE-2026-84513,1,https://isc.sans.edu/diary/rss/33336
cves,CVE-2026-84512,1,https://isc.sans.edu/diary/rss/33336
cves,CVE-2026-84511,1,https://isc.sans.edu/diary/rss/33336
cves,CVE-2026-84510,1,https://isc.sans.edu/diary/rss/33336
cves,CVE-2026-84509,1,https://isc.sans.edu/diary/rss/33336
cves,CVE-2026-84507,1,https://isc.sans.edu/diary/rss/33336
cves,CVE-2026-84506,1,https://isc.sans.edu/diary/rss/33336
cves,CVE-2026-84505,1,https://isc.sans.edu/diary/rss/33336
cves,CVE-2026-84497,1,https://isc.sans.edu/diary/rss/33336
cves,CVE-2026-84492,1,https://isc.sans.edu/diary/rss/33336
cves,CVE-2026-84491,1,https://isc.sans.edu/diary/rss/33336
cves,CVE-2026-84489,1,https://isc.sans.edu/diary/rss/33336
cves,CVE-2026-84487,1,https://isc.sans.edu/diary/rss/33336
cves,CVE-2026-84400,1,https://www.cisa.gov/news-events/ics-advisories/icsa-26-258-08
cves,CVE-2026-84398,1,https://www.cisa.gov/news-events/ics-advisories/icsa-26-258-08
cves,CVE-2026-84359,1,https://www.rapid7.com/blog/post/em-patch-tuesday-september-2026
cves,CVE-2026-84358,1,https://www.rapid7.com/blog/post/em-patch-tuesday-september-2026
cves,CVE-2026-84357,1,https://www.rapid7.com/blog/post/em-patch-tuesday-september-2026
cves,CVE-2026-84356,1,https://www.rapid7.com/blog/post/em-patch-tuesday-september-2026
cves,CVE-2026-84355,1,https://www.rapid7.com/blog/post/em-patch-tuesday-september-2026
cves,CVE-2026-84354,1,https://www.rapid7.com/blog/post/em-patch-tuesday-september-2026
cves,CVE-2026-84353,1,https://www.rapid7.com/blog/post/em-patch-tuesday-september-2026
cves,CVE-2026-84351,1,https://www.rapid7.com/blog/post/em-patch-tuesday-september-2026
cves,CVE-2026-84350,1,https://www.rapid7.com/blog/post/em-patch-tuesday-september-2026
cves,CVE-2026-84349,1,https://www.rapid7.com/blog/post/em-patch-tuesday-september-2026
cves,CVE-2026-84348,1,https://www.rapid7.com/blog/post/em-patch-tuesday-september-2026
cves,CVE-2026-84347,1,https://www.rapid7.com/blog/post/em-patch-tuesday-september-2026
cves,CVE-2026-84335,1,https://www.rapid7.com/blog/post/em-patch-tuesday-september-2026
cves,CVE-2026-84334,1,https://www.rapid7.com/blog/post/em-patch-tuesday-september-2026
cves,CVE-2026-84332,1,https://www.rapid7.com/blog/post/em-patch-tuesday-september-2026
cves,CVE-2026-84331,1,https://www.rapid7.com/blog/post/em-patch-tuesday-september-2026
cves,CVE-2026-84329,1,https://www.rapid7.com/blog/post/em-patch-tuesday-september-2026
cves,CVE-2026-84328,1,https://www.rapid7.com/blog/post/em-patch-tuesday-september-2026
cves,CVE-2026-84327,1,https://www.rapid7.com/blog/post/em-patch-tuesday-september-2026
cves,CVE-2026-84326,1,https://www.rapid7.com/blog/post/em-patch-tuesday-september-2026
cves,CVE-2026-84325,1,https://www.rapid7.com/blog/post/em-patch-tuesday-september-2026
cves,CVE-2026-84324,1,https://www.rapid7.com/blog/post/em-patch-tuesday-september-2026
cves,CVE-2026-84323,1,https://www.rapid7.com/blog/post/em-patch-tuesday-september-2026
cves,CVE-2026-84003,1,https://www.rapid7.com/blog/post/em-patch-tuesday-september-2026
cves,CVE-2026-84001,1,https://www.rapid7.com/blog/post/em-patch-tuesday-september-2026
cves,CVE-2026-84000,1,https://www.rapid7.com/blog/post/em-patch-tuesday-september-2026
cves,CVE-2026-83999,1,https://www.rapid7.com/blog/post/em-patch-tuesday-september-2026
cves,CVE-2026-83998,1,https://www.rapid7.com/blog/post/em-patch-tuesday-september-2026
cves,CVE-2026-83997,1,https://www.rapid7.com/blog/post/em-patch-tuesday-september-2026
cves,CVE-2026-83996,1,https://www.rapid7.com/blog/post/em-patch-tuesday-september-2026
cves,CVE-2026-83995,1,https://www.rapid7.com/blog/post/em-patch-tuesday-september-2026
cves,CVE-2026-83992,1,https://www.rapid7.com/blog/post/em-patch-tuesday-september-2026
cves,CVE-2026-83991,1,https://www.rapid7.com/blog/post/em-patch-tuesday-september-2026
cves,CVE-2026-83990,1,https://www.rapid7.com/blog/post/em-patch-tuesday-september-2026
cves,CVE-2026-83989,1,https://www.rapid7.com/blog/post/em-patch-tuesday-september-2026
cves,CVE-2026-83988,1,https://www.rapid7.com/blog/post/em-patch-tuesday-september-2026
cves,CVE-2026-83987,1,https://www.rapid7.com/blog/post/em-patch-tuesday-september-2026
cves,CVE-2026-83986,1,https://www.rapid7.com/blog/post/em-patch-tuesday-september-2026
cves,CVE-2026-83985,1,https://www.rapid7.com/blog/post/em-patch-tuesday-september-2026
cves,CVE-2026-83983,1,https://www.rapid7.com/blog/post/em-patch-tuesday-september-2026
cves,CVE-2026-83982,1,https://www.rapid7.com/blog/post/em-patch-tuesday-september-2026
cves,CVE-2026-83981,1,https://www.rapid7.com/blog/post/em-patch-tuesday-september-2026
cves,CVE-2026-83980,1,https://www.rapid7.com/blog/post/em-patch-tuesday-september-2026
cves,CVE-2026-83979,1,https://www.rapid7.com/blog/post/em-patch-tuesday-september-2026
cves,CVE-2026-83978,1,https://www.rapid7.com/blog/post/em-patch-tuesday-september-2026
cves,CVE-2026-83977,1,https://www.rapid7.com/blog/post/em-patch-tuesday-september-2026
cves,CVE-2026-83976,1,https://www.rapid7.com/blog/post/em-patch-tuesday-september-2026
cves,CVE-2026-83975,1,https://www.rapid7.com/blog/post/em-patch-tuesday-september-2026
cves,CVE-2026-83974,1,https://www.rapid7.com/blog/post/em-patch-tuesday-september-2026
cves,CVE-2026-83973,1,https://www.rapid7.com/blog/post/em-patch-tuesday-september-2026
cves,CVE-2026-83972,1,https://www.rapid7.com/blog/post/em-patch-tuesday-september-2026
cves,CVE-2026-83971,1,https://www.rapid7.com/blog/post/em-patch-tuesday-september-2026
cves,CVE-2026-83970,1,https://www.rapid7.com/blog/post/em-patch-tuesday-september-2026
cves,CVE-2026-83969,1,https://www.rapid7.com/blog/post/em-patch-tuesday-september-2026
cves,CVE-2026-83968,1,https://www.rapid7.com/blog/post/em-patch-tuesday-september-2026
cves,CVE-2026-83967,1,https://www.rapid7.com/blog/post/em-patch-tuesday-september-2026
cves,CVE-2026-83955,1,https://www.rapid7.com/blog/post/em-patch-tuesday-september-2026
cves,CVE-2026-83954,1,https://www.rapid7.com/blog/post/em-patch-tuesday-september-2026
cves,CVE-2026-83952,1,https://www.rapid7.com/blog/post/em-patch-tuesday-september-2026
cves,CVE-2026-83951,1,https://www.rapid7.com/blog/post/em-patch-tuesday-september-2026
cves,CVE-2026-83949,1,https://www.rapid7.com/blog/post/em-patch-tuesday-september-2026
cves,CVE-2026-83948,1,https://www.rapid7.com/blog/post/em-patch-tuesday-september-2026
cves,CVE-2026-83942,1,https://www.rapid7.com/blog/post/em-patch-tuesday-september-2026
cves,CVE-2026-83941,2,https://blog.talosintelligence.com/microsoft-patch-tuesday-for-september-2026/ | https://www.rapid7.com/blog/post/em-patch-tuesday-september-2026
cves,CVE-2026-83940,1,https://www.rapid7.com/blog/post/em-patch-tuesday-september-2026
cves,CVE-2026-83939,2,https://blog.talosintelligence.com/microsoft-patch-tuesday-for-september-2026/ | https://www.rapid7.com/blog/post/em-patch-tuesday-september-2026
cves,CVE-2026-83711,2,https://blog.talosintelligence.com/microsoft-patch-tuesday-for-september-2026/ | https://www.rapid7.com/blog/post/em-patch-tuesday-september-2026
cves,CVE-2026-83549,1,https://www.rapid7.com/blog/post/pt-metasploit-wrap-up-goes-to-sixteen
cves,CVE-2026-83548,1,https://www.rapid7.com/blog/post/pt-metasploit-wrap-up-goes-to-sixteen
cves,CVE-2026-83501,2,https://blog.talosintelligence.com/microsoft-patch-tuesday-for-september-2026/ | https://www.rapid7.com/blog/post/em-patch-tuesday-september-2026
cves,CVE-2026-83498,2,https://blog.talosintelligence.com/microsoft-patch-tuesday-for-september-2026/ | https://www.rapid7.com/blog/post/em-patch-tuesday-september-2026
cves,CVE-2026-82712,1,https://www.cisa.gov/news-events/ics-advisories/icsa-26-246-08
cves,CVE-2026-82684,1,https://www.cisa.gov/news-events/ics-advisories/icsa-26-246-08
cves,CVE-2026-82583,1,https://www.cisa.gov/news-events/ics-medical-advisories/icsma-26-253-01
cves,CVE-2026-82578,1,https://www.cisa.gov/news-events/ics-medical-advisories/icsma-26-253-01
cves,CVE-2026-82567,1,https://www.cisa.gov/news-events/ics-advisories/icsa-26-258-03
cves,CVE-2026-82208,1,https://www.rapid7.com/blog/post/em-patch-tuesday-september-2026
cves,CVE-2026-82078,1,https://www.rapid7.com/blog/post/pt-metasploit-wrap-up-goes-to-sixteen
cves,CVE-2026-81963,5,https://blog.talosintelligence.com/microsoft-patch-tuesday-for-september-2026/ | https://isc.sans.edu/diary/rss/33320 | https://krebsonsecurity.com/2026/09/microsoft-plugs-nearly-1000-security-holes/ | https://www.cisa.gov/news-events/alerts/2026/09/08/cisa-adds-four-known-exploited-vulnerabilities-catalog | https://www.rapid7.com/blog/post/em-patch-tuesday-september-2026
cves,CVE-2026-81960,1,https://www.rapid7.com/blog/post/em-patch-tuesday-september-2026
cves,CVE-2026-81959,2,https://blog.talosintelligence.com/microsoft-patch-tuesday-for-september-2026/ | https://www.rapid7.com/blog/post/em-patch-tuesday-september-2026
cves,CVE-2026-81958,1,https://www.rapid7.com/blog/post/em-patch-tuesday-september-2026
cves,CVE-2026-81957,1,https://www.rapid7.com/blog/post/em-patch-tuesday-september-2026
cves,CVE-2026-81956,1,https://www.rapid7.com/blog/post/em-patch-tuesday-september-2026
cves,CVE-2026-81955,2,https://blog.talosintelligence.com/microsoft-patch-tuesday-for-september-2026/ | https://www.rapid7.com/blog/post/em-patch-tuesday-september-2026
cves,CVE-2026-81954,1,https://www.rapid7.com/blog/post/em-patch-tuesday-september-2026
cves,CVE-2026-81953,2,https://blog.talosintelligence.com/microsoft-patch-tuesday-for-september-2026/ | https://www.rapid7.com/blog/post/em-patch-tuesday-september-2026
cves,CVE-2026-81952,2,https://blog.talosintelligence.com/microsoft-patch-tuesday-for-september-2026/ | https://www.rapid7.com/blog/post/em-patch-tuesday-september-2026
cves,CVE-2026-81951,2,https://blog.talosintelligence.com/microsoft-patch-tuesday-for-september-2026/ | https://www.rapid7.com/blog/post/em-patch-tuesday-september-2026
cves,CVE-2026-81950,2,https://blog.talosintelligence.com/microsoft-patch-tuesday-for-september-2026/ | https://www.rapid7.com/blog/post/em-patch-tuesday-september-2026
cves,CVE-2026-81949,2,https://blog.talosintelligence.com/microsoft-patch-tuesday-for-september-2026/ | https://www.rapid7.com/blog/post/em-patch-tuesday-september-2026
cves,CVE-2026-81948,2,https://blog.talosintelligence.com/microsoft-patch-tuesday-for-september-2026/ | https://www.rapid7.com/blog/post/em-patch-tuesday-september-2026
cves,CVE-2026-81947,1,https://www.rapid7.com/blog/post/em-patch-tuesday-september-2026
cves,CVE-2026-81861,1,https://www.cisa.gov/news-events/ics-advisories/icsa-26-258-04
cves,CVE-2026-81855,1,https://www.cisa.gov/news-events/ics-advisories/icsa-26-258-02
cves,CVE-2026-81824,1,https://www.cisa.gov/news-events/ics-advisories/icsa-26-253-01
cves,CVE-2026-81823,1,https://www.cisa.gov/news-events/ics-advisories/icsa-26-253-01
cves,CVE-2026-81822,1,https://www.cisa.gov/news-events/ics-advisories/icsa-26-253-01
cves,CVE-2026-81821,1,https://www.cisa.gov/news-events/ics-advisories/icsa-26-253-01
cves,CVE-2026-81578,1,https://www.rapid7.com/blog/post/pt-metasploit-wrap-up-goes-to-sixteen
cves,CVE-2026-81401,1,https://www.rapid7.com/blog/post/em-patch-tuesday-september-2026
cves,CVE-2026-81400,1,https://www.rapid7.com/blog/post/em-patch-tuesday-september-2026
cves,CVE-2026-81399,1,https://www.rapid7.com/blog/post/em-patch-tuesday-september-2026
cves,CVE-2026-81398,1,https://www.rapid7.com/blog/post/em-patch-tuesday-september-2026
cves,CVE-2026-81397,1,https://www.rapid7.com/blog/post/em-patch-tuesday-september-2026
cves,CVE-2026-81396,1,https://www.rapid7.com/blog/post/em-patch-tuesday-september-2026
cves,CVE-2026-81395,1,https://www.rapid7.com/blog/post/em-patch-tuesday-september-2026
cves,CVE-2026-81394,1,https://www.rapid7.com/blog/post/em-patch-tuesday-september-2026
cves,CVE-2026-81393,1,https://www.rapid7.com/blog/post/em-patch-tuesday-september-2026
cves,CVE-2026-81392,1,https://www.rapid7.com/blog/post/em-patch-tuesday-september-2026
cves,CVE-2026-81391,1,https://www.rapid7.com/blog/post/em-patch-tuesday-september-2026
cves,CVE-2026-81390,1,https://www.rapid7.com/blog/post/em-patch-tuesday-september-2026
cves,CVE-2026-81389,1,https://www.rapid7.com/blog/post/em-patch-tuesday-september-2026
cves,CVE-2026-81388,1,https://www.rapid7.com/blog/post/em-patch-tuesday-september-2026
cves,CVE-2026-81387,1,https://www.rapid7.com/blog/post/em-patch-tuesday-september-2026
cves,CVE-2026-81386,1,https://www.rapid7.com/blog/post/em-patch-tuesday-september-2026
cves,CVE-2026-81385,1,https://www.rapid7.com/blog/post/em-patch-tuesday-september-2026
cves,CVE-2026-81383,1,https://www.rapid7.com/blog/post/em-patch-tuesday-september-2026
cves,CVE-2026-81381,1,https://www.rapid7.com/blog/post/em-patch-tuesday-september-2026
cves,CVE-2026-81380,1,https://www.rapid7.com/blog/post/em-patch-tuesday-september-2026
cves,CVE-2026-81379,1,https://www.rapid7.com/blog/post/em-patch-tuesday-september-2026
cves,CVE-2026-81378,1,https://www.rapid7.com/blog/post/em-patch-tuesday-september-2026
cves,CVE-2026-81377,1,https://www.rapid7.com/blog/post/em-patch-tuesday-september-2026
cves,CVE-2026-81376,1,https://www.rapid7.com/blog/post/em-patch-tuesday-september-2026
cves,CVE-2026-81357,1,https://www.rapid7.com/blog/post/em-patch-tuesday-september-2026
cves,CVE-2026-81356,1,https://www.rapid7.com/blog/post/em-patch-tuesday-september-2026
cves,CVE-2026-81355,2,https://blog.talosintelligence.com/microsoft-patch-tuesday-for-september-2026/ | https://www.rapid7.com/blog/post/em-patch-tuesday-september-2026
cves,CVE-2026-81354,2,https://blog.talosintelligence.com/microsoft-patch-tuesday-for-september-2026/ | https://www.rapid7.com/blog/post/em-patch-tuesday-september-2026
cves,CVE-2026-81353,1,https://www.rapid7.com/blog/post/em-patch-tuesday-september-2026
cves,CVE-2026-81352,2,https://blog.talosintelligence.com/microsoft-patch-tuesday-for-september-2026/ | https://www.rapid7.com/blog/post/em-patch-tuesday-september-2026
cves,CVE-2026-81349,1,https://www.rapid7.com/blog/post/em-patch-tuesday-september-2026
cves,CVE-2026-81321,1,https://www.cisa.gov/news-events/ics-advisories/icsa-26-258-08
cves,CVE-2026-81305,1,https://www.cisa.gov/news-events/ics-advisories/icsa-26-258-08
cves,CVE-2026-80465,1,https://www.cisa.gov/news-events/ics-advisories/icsa-26-258-06
cves,CVE-2026-80098,2,https://blog.talosintelligence.com/microsoft-patch-tuesday-for-september-2026/ | https://www.rapid7.com/blog/post/em-patch-tuesday-september-2026
cves,CVE-2026-80097,1,https://www.rapid7.com/blog/post/em-patch-tuesday-september-2026
cves,CVE-2026-80096,1,https://www.rapid7.com/blog/post/em-patch-tuesday-september-2026
cves,CVE-2026-80093,2,https://blog.talosintelligence.com/microsoft-patch-tuesday-for-september-2026/ | https://www.rapid7.com/blog/post/em-patch-tuesday-september-2026
cves,CVE-2026-80091,1,https://www.rapid7.com/blog/post/em-patch-tuesday-september-2026
cves,CVE-2026-80090,1,https://www.rapid7.com/blog/post/em-patch-tuesday-september-2026
cves,CVE-2026-80089,1,https://www.rapid7.com/blog/post/em-patch-tuesday-september-2026
cves,CVE-2026-80088,1,https://www.rapid7.com/blog/post/em-patch-tuesday-september-2026
cves,CVE-2026-80087,1,https://www.rapid7.com/blog/post/em-patch-tuesday-september-2026
cves,CVE-2026-80086,1,https://www.rapid7.com/blog/post/em-patch-tuesday-september-2026
cves,CVE-2026-80085,1,https://www.rapid7.com/blog/post/em-patch-tuesday-september-2026
cves,CVE-2026-80084,1,https://www.rapid7.com/blog/post/em-patch-tuesday-september-2026
cves,CVE-2026-80083,2,https://blog.talosintelligence.com/microsoft-patch-tuesday-for-september-2026/ | https://www.rapid7.com/blog/post/em-patch-tuesday-september-2026
cves,CVE-2026-80082,1,https://www.rapid7.com/blog/post/em-patch-tuesday-september-2026
cves,CVE-2026-80081,1,https://www.rapid7.com/blog/post/em-patch-tuesday-september-2026
cves,CVE-2026-80080,1,https://www.rapid7.com/blog/post/em-patch-tuesday-september-2026
cves,CVE-2026-80079,1,https://www.rapid7.com/blog/post/em-patch-tuesday-september-2026
cves,CVE-2026-80078,1,https://www.rapid7.com/blog/post/em-patch-tuesday-september-2026
cves,CVE-2026-80077,1,https://www.rapid7.com/blog/post/em-patch-tuesday-september-2026
cves,CVE-2026-80076,1,https://www.rapid7.com/blog/post/em-patch-tuesday-september-2026
cves,CVE-2026-80075,1,https://www.rapid7.com/blog/post/em-patch-tuesday-september-2026
cves,CVE-2026-80074,1,https://www.rapid7.com/blog/post/em-patch-tuesday-september-2026
cves,CVE-2026-80073,1,https://www.rapid7.com/blog/post/em-patch-tuesday-september-2026
cves,CVE-2026-78526,1,https://www.rapid7.com/blog/post/em-patch-tuesday-september-2026
cves,CVE-2026-78525,2,https://blog.talosintelligence.com/microsoft-patch-tuesday-for-september-2026/ | https://www.rapid7.com/blog/post/em-patch-tuesday-september-2026
cves,CVE-2026-78524,1,https://www.rapid7.com/blog/post/em-patch-tuesday-september-2026
cves,CVE-2026-78523,1,https://www.rapid7.com/blog/post/em-patch-tuesday-september-2026
cves,CVE-2026-78522,1,https://www.rapid7.com/blog/post/em-patch-tuesday-september-2026
cves,CVE-2026-78521,1,https://www.rapid7.com/blog/post/em-patch-tuesday-september-2026
cves,CVE-2026-78520,2,https://blog.talosintelligence.com/microsoft-patch-tuesday-for-september-2026/ | https://www.rapid7.com/blog/post/em-patch-tuesday-september-2026
cves,CVE-2026-78519,2,https://blog.talosintelligence.com/microsoft-patch-tuesday-for-september-2026/ | https://www.rapid7.com/blog/post/em-patch-tuesday-september-2026
cves,CVE-2026-78518,1,https://www.rapid7.com/blog/post/em-patch-tuesday-september-2026
cves,CVE-2026-78517,1,https://www.rapid7.com/blog/post/em-patch-tuesday-september-2026
cves,CVE-2026-78516,1,https://www.rapid7.com/blog/post/em-patch-tuesday-september-2026
cves,CVE-2026-78515,1,https://www.rapid7.com/blog/post/em-patch-tuesday-september-2026
cves,CVE-2026-78514,1,https://www.rapid7.com/blog/post/em-patch-tuesday-september-2026
cves,CVE-2026-78513,1,https://www.rapid7.com/blog/post/em-patch-tuesday-september-2026
cves,CVE-2026-78512,1,https://www.rapid7.com/blog/post/em-patch-tuesday-september-2026
cves,CVE-2026-78511,1,https://www.rapid7.com/blog/post/em-patch-tuesday-september-2026
cves,CVE-2026-78510,2,https://blog.talosintelligence.com/microsoft-patch-tuesday-for-september-2026/ | https://www.rapid7.com/blog/post/em-patch-tuesday-september-2026
cves,CVE-2026-78509,2,https://blog.talosintelligence.com/microsoft-patch-tuesday-for-september-2026/ | https://www.rapid7.com/blog/post/em-patch-tuesday-september-2026
cves,CVE-2026-78508,1,https://www.rapid7.com/blog/post/em-patch-tuesday-september-2026
cves,CVE-2026-78507,1,https://www.rapid7.com/blog/post/em-patch-tuesday-september-2026
cves,CVE-2026-78506,1,https://www.rapid7.com/blog/post/em-patch-tuesday-september-2026
cves,CVE-2026-78505,2,https://blog.talosintelligence.com/microsoft-patch-tuesday-for-september-2026/ | https://www.rapid7.com/blog/post/em-patch-tuesday-september-2026
cves,CVE-2026-78504,1,https://www.rapid7.com/blog/post/em-patch-tuesday-september-2026
cves,CVE-2026-78503,1,https://www.rapid7.com/blog/post/em-patch-tuesday-september-2026
cves,CVE-2026-78502,1,https://www.rapid7.com/blog/post/em-patch-tuesday-september-2026
cves,CVE-2026-78464,1,https://www.rapid7.com/blog/post/em-patch-tuesday-september-2026
cves,CVE-2026-78463,1,https://www.rapid7.com/blog/post/em-patch-tuesday-september-2026
cves,CVE-2026-78462,1,https://www.rapid7.com/blog/post/em-patch-tuesday-september-2026
cves,CVE-2026-78461,1,https://www.rapid7.com/blog/post/em-patch-tuesday-september-2026
cves,CVE-2026-78457,1,https://www.rapid7.com/blog/post/em-patch-tuesday-september-2026
cves,CVE-2026-78456,1,https://www.rapid7.com/blog/post/em-patch-tuesday-september-2026
cves,CVE-2026-78455,1,https://www.rapid7.com/blog/post/em-patch-tuesday-september-2026
cves,CVE-2026-78454,2,https://blog.talosintelligence.com/microsoft-patch-tuesday-for-september-2026/ | https://www.rapid7.com/blog/post/em-patch-tuesday-september-2026
cves,CVE-2026-78453,1,https://www.rapid7.com/blog/post/em-patch-tuesday-september-2026
cves,CVE-2026-78452,1,https://www.rapid7.com/blog/post/em-patch-tuesday-september-2026
cves,CVE-2026-78451,1,https://www.rapid7.com/blog/post/em-patch-tuesday-september-2026
cves,CVE-2026-78450,2,https://blog.talosintelligence.com/microsoft-patch-tuesday-for-september-2026/ | https://www.rapid7.com/blog/post/em-patch-tuesday-september-2026
cves,CVE-2026-78449,2,https://blog.talosintelligence.com/microsoft-patch-tuesday-for-september-2026/ | https://www.rapid7.com/blog/post/em-patch-tuesday-september-2026
cves,CVE-2026-78448,1,https://www.rapid7.com/blog/post/em-patch-tuesday-september-2026
cves,CVE-2026-78447,1,https://www.rapid7.com/blog/post/em-patch-tuesday-september-2026
cves,CVE-2026-78446,1,https://www.rapid7.com/blog/post/em-patch-tuesday-september-2026
cves,CVE-2026-78445,2,https://blog.talosintelligence.com/microsoft-patch-tuesday-for-september-2026/ | https://www.rapid7.com/blog/post/em-patch-tuesday-september-2026
cves,CVE-2026-78444,2,https://blog.talosintelligence.com/microsoft-patch-tuesday-for-september-2026/ | https://www.rapid7.com/blog/post/em-patch-tuesday-september-2026
cves,CVE-2026-78442,1,https://www.rapid7.com/blog/post/em-patch-tuesday-september-2026
cves,CVE-2026-78441,1,https://www.rapid7.com/blog/post/em-patch-tuesday-september-2026
cves,CVE-2026-78439,2,https://blog.talosintelligence.com/microsoft-patch-tuesday-for-september-2026/ | https://www.rapid7.com/blog/post/em-patch-tuesday-september-2026
cves,CVE-2026-78225,1,https://www.cisa.gov/news-events/ics-advisories/icsa-26-258-02
cves,CVE-2026-78224,1,https://www.cisa.gov/news-events/ics-medical-advisories/icsma-26-253-01
cves,CVE-2026-78012,1,https://www.cisa.gov/news-events/ics-advisories/icsa-26-246-07
cves,CVE-2026-77911,1,https://www.rapid7.com/blog/post/em-patch-tuesday-september-2026
cves,CVE-2026-77909,1,https://www.rapid7.com/blog/post/em-patch-tuesday-september-2026
cves,CVE-2026-77908,1,https://www.rapid7.com/blog/post/em-patch-tuesday-september-2026
cves,CVE-2026-77907,1,https://www.rapid7.com/blog/post/em-patch-tuesday-september-2026
cves,CVE-2026-77906,1,https://www.rapid7.com/blog/post/em-patch-tuesday-september-2026
cves,CVE-2026-77905,1,https://www.rapid7.com/blog/post/em-patch-tuesday-september-2026
cves,CVE-2026-77904,1,https://www.rapid7.com/blog/post/em-patch-tuesday-september-2026
cves,CVE-2026-77901,1,https://www.rapid7.com/blog/post/em-patch-tuesday-september-2026
cves,CVE-2026-77899,1,https://www.rapid7.com/blog/post/em-patch-tuesday-september-2026
cves,CVE-2026-77898,2,https://blog.talosintelligence.com/microsoft-patch-tuesday-for-september-2026/ | https://www.rapid7.com/blog/post/em-patch-tuesday-september-2026
cves,CVE-2026-77897,1,https://www.rapid7.com/blog/post/em-patch-tuesday-september-2026
cves,CVE-2026-77896,1,https://www.rapid7.com/blog/post/em-patch-tuesday-september-2026
cves,CVE-2026-77895,1,https://www.rapid7.com/blog/post/em-patch-tuesday-september-2026
cves,CVE-2026-77894,1,https://www.rapid7.com/blog/post/em-patch-tuesday-september-2026
cves,CVE-2026-77893,1,https://www.rapid7.com/blog/post/em-patch-tuesday-september-2026
cves,CVE-2026-77892,1,https://www.rapid7.com/blog/post/em-patch-tuesday-september-2026
cves,CVE-2026-77891,1,https://www.rapid7.com/blog/post/em-patch-tuesday-september-2026
cves,CVE-2026-77890,1,https://www.rapid7.com/blog/post/em-patch-tuesday-september-2026
cves,CVE-2026-77889,1,https://www.rapid7.com/blog/post/em-patch-tuesday-september-2026
cves,CVE-2026-77888,1,https://www.rapid7.com/blog/post/em-patch-tuesday-september-2026
cves,CVE-2026-77887,1,https://www.rapid7.com/blog/post/em-patch-tuesday-september-2026
cves,CVE-2026-77886,1,https://www.rapid7.com/blog/post/em-patch-tuesday-september-2026
cves,CVE-2026-77847,1,https://www.cisa.gov/news-events/ics-advisories/icsa-26-246-08
cves,CVE-2026-77505,2,https://blog.talosintelligence.com/microsoft-patch-tuesday-for-september-2026/ | https://www.rapid7.com/blog/post/em-patch-tuesday-september-2026
cves,CVE-2026-77504,2,https://blog.talosintelligence.com/microsoft-patch-tuesday-for-september-2026/ | https://www.rapid7.com/blog/post/em-patch-tuesday-september-2026
cves,CVE-2026-77503,1,https://www.rapid7.com/blog/post/em-patch-tuesday-september-2026
cves,CVE-2026-77502,1,https://www.rapid7.com/blog/post/em-patch-tuesday-september-2026
cves,CVE-2026-77501,1,https://www.rapid7.com/blog/post/em-patch-tuesday-september-2026
cves,CVE-2026-77500,2,https://blog.talosintelligence.com/microsoft-patch-tuesday-for-september-2026/ | https://www.rapid7.com/blog/post/em-patch-tuesday-september-2026
cves,CVE-2026-77499,1,https://www.rapid7.com/blog/post/em-patch-tuesday-september-2026
cves,CVE-2026-77498,1,https://www.rapid7.com/blog/post/em-patch-tuesday-september-2026
cves,CVE-2026-77495,2,https://blog.talosintelligence.com/microsoft-patch-tuesday-for-september-2026/ | https://www.rapid7.com/blog/post/em-patch-tuesday-september-2026
cves,CVE-2026-77494,1,https://www.rapid7.com/blog/post/em-patch-tuesday-september-2026
cves,CVE-2026-77493,2,https://blog.talosintelligence.com/microsoft-patch-tuesday-for-september-2026/ | https://www.rapid7.com/blog/post/em-patch-tuesday-september-2026
cves,CVE-2026-77492,1,https://www.rapid7.com/blog/post/em-patch-tuesday-september-2026
cves,CVE-2026-77491,1,https://www.rapid7.com/blog/post/em-patch-tuesday-september-2026
cves,CVE-2026-77489,1,https://www.rapid7.com/blog/post/em-patch-tuesday-september-2026
cves,CVE-2026-77488,1,https://www.rapid7.com/blog/post/em-patch-tuesday-september-2026
cves,CVE-2026-77487,1,https://www.rapid7.com/blog/post/em-patch-tuesday-september-2026
cves,CVE-2026-77486,1,https://www.rapid7.com/blog/post/em-patch-tuesday-september-2026
cves,CVE-2026-77485,1,https://www.rapid7.com/blog/post/em-patch-tuesday-september-2026
cves,CVE-2026-77484,1,https://www.rapid7.com/blog/post/em-patch-tuesday-september-2026
cves,CVE-2026-77483,1,https://www.rapid7.com/blog/post/em-patch-tuesday-september-2026
cves,CVE-2026-77482,1,https://www.rapid7.com/blog/post/em-patch-tuesday-september-2026
cves,CVE-2026-77481,1,https://www.rapid7.com/blog/post/em-patch-tuesday-september-2026
cves,CVE-2026-77480,1,https://www.rapid7.com/blog/post/em-patch-tuesday-september-2026
cves,CVE-2026-77477,1,https://www.cisa.gov/news-events/ics-advisories/icsa-26-246-01
cves,CVE-2026-77393,1,https://www.cisa.gov/news-events/ics-advisories/icsa-26-246-06
cves,CVE-2026-76461,1,https://www.rapid7.com/blog/post/etr-cve-2026-76461-critical-cisco-secure-email-gateway-vulnerability-exploited-in-the-wild
cves,CVE-2026-75925,1,https://www.cisa.gov/news-events/ics-advisories/icsa-26-246-02
cves,CVE-2026-75650,1,https://www.cisa.gov/news-events/alerts/2026/09/08/cisa-adds-four-known-exploited-vulnerabilities-catalog
cves,CVE-2026-75604,1,https://www.rapid7.com/blog/post/pt-metasploit-wrap-up-goes-to-sixteen
cves,CVE-2026-73807,1,https://www.cisa.gov/news-events/ics-advisories/icsa-26-258-03
cves,CVE-2026-73029,1,https://www.rapid7.com/blog/post/em-patch-tuesday-september-2026
cves,CVE-2026-73028,1,https://www.rapid7.com/blog/post/em-patch-tuesday-september-2026
cves,CVE-2026-73026,1,https://www.rapid7.com/blog/post/em-patch-tuesday-september-2026
cves,CVE-2026-73025,1,https://www.rapid7.com/blog/post/em-patch-tuesday-september-2026
cves,CVE-2026-73024,1,https://www.rapid7.com/blog/post/em-patch-tuesday-september-2026
cves,CVE-2026-73023,2,https://blog.talosintelligence.com/microsoft-patch-tuesday-for-september-2026/ | https://www.rapid7.com/blog/post/em-patch-tuesday-september-2026
cves,CVE-2026-73022,1,https://www.rapid7.com/blog/post/em-patch-tuesday-september-2026
cves,CVE-2026-73021,1,https://www.rapid7.com/blog/post/em-patch-tuesday-september-2026
cves,CVE-2026-73020,1,https://www.rapid7.com/blog/post/em-patch-tuesday-september-2026
cves,CVE-2026-73019,1,https://www.rapid7.com/blog/post/em-patch-tuesday-september-2026
cves,CVE-2026-73018,2,https://blog.talosintelligence.com/microsoft-patch-tuesday-for-september-2026/ | https://www.rapid7.com/blog/post/em-patch-tuesday-september-2026
cves,CVE-2026-73017,2,https://blog.talosintelligence.com/microsoft-patch-tuesday-for-september-2026/ | https://www.rapid7.com/blog/post/em-patch-tuesday-september-2026
cves,CVE-2026-73016,1,https://www.rapid7.com/blog/post/em-patch-tuesday-september-2026
cves,CVE-2026-73015,1,https://www.rapid7.com/blog/post/em-patch-tuesday-september-2026
cves,CVE-2026-73014,1,https://www.rapid7.com/blog/post/em-patch-tuesday-september-2026
cves,CVE-2026-73013,2,https://blog.talosintelligence.com/microsoft-patch-tuesday-for-september-2026/ | https://www.rapid7.com/blog/post/em-patch-tuesday-september-2026
cves,CVE-2026-73012,1,https://www.rapid7.com/blog/post/em-patch-tuesday-september-2026
cves,CVE-2026-73011,1,https://www.rapid7.com/blog/post/em-patch-tuesday-september-2026
cves,CVE-2026-73010,2,https://blog.talosintelligence.com/microsoft-patch-tuesday-for-september-2026/ | https://www.rapid7.com/blog/post/em-patch-tuesday-september-2026
cves,CVE-2026-73009,2,https://blog.talosintelligence.com/microsoft-patch-tuesday-for-september-2026/ | https://www.rapid7.com/blog/post/em-patch-tuesday-september-2026
cves,CVE-2026-73008,1,https://www.rapid7.com/blog/post/em-patch-tuesday-september-2026
cves,CVE-2026-73007,1,https://www.rapid7.com/blog/post/em-patch-tuesday-september-2026
cves,CVE-2026-73006,2,https://blog.talosintelligence.com/microsoft-patch-tuesday-for-september-2026/ | https://www.rapid7.com/blog/post/em-patch-tuesday-september-2026
cves,CVE-2026-73005,1,https://www.rapid7.com/blog/post/em-patch-tuesday-september-2026
cves,CVE-2026-73004,1,https://www.rapid7.com/blog/post/em-patch-tuesday-september-2026
cves,CVE-2026-73003,1,https://www.rapid7.com/blog/post/em-patch-tuesday-september-2026
cves,CVE-2026-73002,1,https://www.rapid7.com/blog/post/em-patch-tuesday-september-2026
cves,CVE-2026-73001,1,https://www.rapid7.com/blog/post/em-patch-tuesday-september-2026
cves,CVE-2026-73000,1,https://www.rapid7.com/blog/post/em-patch-tuesday-september-2026
cves,CVE-2026-72999,1,https://www.rapid7.com/blog/post/em-patch-tuesday-september-2026
cves,CVE-2026-72997,1,https://www.rapid7.com/blog/post/em-patch-tuesday-september-2026
cves,CVE-2026-72996,1,https://www.rapid7.com/blog/post/em-patch-tuesday-september-2026
cves,CVE-2026-72995,1,https://www.rapid7.com/blog/post/em-patch-tuesday-september-2026
cves,CVE-2026-72994,1,https://www.rapid7.com/blog/post/em-patch-tuesday-september-2026
cves,CVE-2026-72993,1,https://www.rapid7.com/blog/post/em-patch-tuesday-september-2026
cves,CVE-2026-72992,1,https://www.rapid7.com/blog/post/em-patch-tuesday-september-2026
cves,CVE-2026-72991,1,https://www.rapid7.com/blog/post/em-patch-tuesday-september-2026
cves,CVE-2026-72990,1,https://www.rapid7.com/blog/post/em-patch-tuesday-september-2026
cves,CVE-2026-72989,1,https://www.rapid7.com/blog/post/em-patch-tuesday-september-2026
cves,CVE-2026-72988,1,https://www.rapid7.com/blog/post/em-patch-tuesday-september-2026
cves,CVE-2026-72987,2,https://blog.talosintelligence.com/microsoft-patch-tuesday-for-september-2026/ | https://www.rapid7.com/blog/post/em-patch-tuesday-september-2026
cves,CVE-2026-72986,2,https://blog.talosintelligence.com/microsoft-patch-tuesday-for-september-2026/ | https://www.rapid7.com/blog/post/em-patch-tuesday-september-2026
cves,CVE-2026-72985,1,https://www.rapid7.com/blog/post/em-patch-tuesday-september-2026
cves,CVE-2026-72983,2,https://blog.talosintelligence.com/microsoft-patch-tuesday-for-september-2026/ | https://www.rapid7.com/blog/post/em-patch-tuesday-september-2026
cves,CVE-2026-72982,2,https://blog.talosintelligence.com/microsoft-patch-tuesday-for-september-2026/ | https://www.rapid7.com/blog/post/em-patch-tuesday-september-2026
cves,CVE-2026-72981,2,https://blog.talosintelligence.com/microsoft-patch-tuesday-for-september-2026/ | https://www.rapid7.com/blog/post/em-patch-tuesday-september-2026
cves,CVE-2026-72980,2,https://blog.talosintelligence.com/microsoft-patch-tuesday-for-september-2026/ | https://www.rapid7.com/blog/post/em-patch-tuesday-september-2026
cves,CVE-2026-72979,2,https://blog.talosintelligence.com/microsoft-patch-tuesday-for-september-2026/ | https://www.rapid7.com/blog/post/em-patch-tuesday-september-2026
cves,CVE-2026-72978,1,https://www.rapid7.com/blog/post/em-patch-tuesday-september-2026
cves,CVE-2026-72977,1,https://www.rapid7.com/blog/post/em-patch-tuesday-september-2026
cves,CVE-2026-72976,1,https://www.rapid7.com/blog/post/em-patch-tuesday-september-2026
cves,CVE-2026-72975,1,https://www.rapid7.com/blog/post/em-patch-tuesday-september-2026
cves,CVE-2026-72974,1,https://www.rapid7.com/blog/post/em-patch-tuesday-september-2026
cves,CVE-2026-72973,1,https://www.rapid7.com/blog/post/em-patch-tuesday-september-2026
cves,CVE-2026-72972,1,https://www.rapid7.com/blog/post/em-patch-tuesday-september-2026
cves,CVE-2026-72967,1,https://www.rapid7.com/blog/post/em-patch-tuesday-september-2026
cves,CVE-2026-72966,1,https://www.rapid7.com/blog/post/em-patch-tuesday-september-2026
cves,CVE-2026-72965,1,https://www.rapid7.com/blog/post/em-patch-tuesday-september-2026
cves,CVE-2026-72964,1,https://www.rapid7.com/blog/post/em-patch-tuesday-september-2026
cves,CVE-2026-72963,1,https://www.rapid7.com/blog/post/em-patch-tuesday-september-2026
cves,CVE-2026-72962,2,https://blog.talosintelligence.com/microsoft-patch-tuesday-for-september-2026/ | https://www.rapid7.com/blog/post/em-patch-tuesday-september-2026
cves,CVE-2026-72961,2,https://blog.talosintelligence.com/microsoft-patch-tuesday-for-september-2026/ | https://www.rapid7.com/blog/post/em-patch-tuesday-september-2026
cves,CVE-2026-72960,2,https://blog.talosintelligence.com/microsoft-patch-tuesday-for-september-2026/ | https://www.rapid7.com/blog/post/em-patch-tuesday-september-2026
cves,CVE-2026-72959,2,https://blog.talosintelligence.com/microsoft-patch-tuesday-for-september-2026/ | https://www.rapid7.com/blog/post/em-patch-tuesday-september-2026
cves,CVE-2026-72958,2,https://blog.talosintelligence.com/microsoft-patch-tuesday-for-september-2026/ | https://www.rapid7.com/blog/post/em-patch-tuesday-september-2026
cves,CVE-2026-72957,2,https://blog.talosintelligence.com/microsoft-patch-tuesday-for-september-2026/ | https://www.rapid7.com/blog/post/em-patch-tuesday-september-2026
cves,CVE-2026-72956,1,https://www.rapid7.com/blog/post/em-patch-tuesday-september-2026
cves,CVE-2026-72954,2,https://blog.talosintelligence.com/microsoft-patch-tuesday-for-september-2026/ | https://www.rapid7.com/blog/post/em-patch-tuesday-september-2026
cves,CVE-2026-72953,1,https://www.rapid7.com/blog/post/em-patch-tuesday-september-2026
cves,CVE-2026-72952,1,https://www.rapid7.com/blog/post/em-patch-tuesday-september-2026
cves,CVE-2026-72950,2,https://blog.talosintelligence.com/microsoft-patch-tuesday-for-september-2026/ | https://www.rapid7.com/blog/post/em-patch-tuesday-september-2026
cves,CVE-2026-72949,1,https://www.rapid7.com/blog/post/em-patch-tuesday-september-2026
cves,CVE-2026-72948,1,https://www.rapid7.com/blog/post/em-patch-tuesday-september-2026
cves,CVE-2026-72947,1,https://www.rapid7.com/blog/post/em-patch-tuesday-september-2026
cves,CVE-2026-72946,1,https://www.rapid7.com/blog/post/em-patch-tuesday-september-2026
cves,CVE-2026-72945,1,https://www.rapid7.com/blog/post/em-patch-tuesday-september-2026
cves,CVE-2026-72944,1,https://www.rapid7.com/blog/post/em-patch-tuesday-september-2026
cves,CVE-2026-72943,1,https://www.rapid7.com/blog/post/em-patch-tuesday-september-2026
cves,CVE-2026-72942,1,https://www.rapid7.com/blog/post/em-patch-tuesday-september-2026
cves,CVE-2026-72941,1,https://www.rapid7.com/blog/post/em-patch-tuesday-september-2026
cves,CVE-2026-72940,2,https://blog.talosintelligence.com/microsoft-patch-tuesday-for-september-2026/ | https://www.rapid7.com/blog/post/em-patch-tuesday-september-2026
cves,CVE-2026-72939,1,https://www.rapid7.com/blog/post/em-patch-tuesday-september-2026
cves,CVE-2026-72938,1,https://www.rapid7.com/blog/post/em-patch-tuesday-september-2026
cves,CVE-2026-72937,1,https://www.rapid7.com/blog/post/em-patch-tuesday-september-2026
cves,CVE-2026-72936,2,https://blog.talosintelligence.com/microsoft-patch-tuesday-for-september-2026/ | https://www.rapid7.com/blog/post/em-patch-tuesday-september-2026
cves,CVE-2026-72935,1,https://www.rapid7.com/blog/post/em-patch-tuesday-september-2026
cves,CVE-2026-72933,1,https://www.rapid7.com/blog/post/em-patch-tuesday-september-2026
cves,CVE-2026-72932,1,https://www.rapid7.com/blog/post/em-patch-tuesday-september-2026
cves,CVE-2026-72931,1,https://www.rapid7.com/blog/post/em-patch-tuesday-september-2026
cves,CVE-2026-72930,1,https://www.rapid7.com/blog/post/em-patch-tuesday-september-2026
cves,CVE-2026-72929,1,https://www.rapid7.com/blog/post/em-patch-tuesday-september-2026
cves,CVE-2026-72928,1,https://www.rapid7.com/blog/post/em-patch-tuesday-september-2026
cves,CVE-2026-72927,1,https://www.rapid7.com/blog/post/em-patch-tuesday-september-2026
cves,CVE-2026-72926,1,https://www.rapid7.com/blog/post/em-patch-tuesday-september-2026
cves,CVE-2026-71353,1,https://www.rapid7.com/blog/post/em-patch-tuesday-september-2026
cves,CVE-2026-71352,1,https://www.rapid7.com/blog/post/em-patch-tuesday-september-2026
cves,CVE-2026-71351,1,https://www.rapid7.com/blog/post/em-patch-tuesday-september-2026
cves,CVE-2026-71350,1,https://www.rapid7.com/blog/post/em-patch-tuesday-september-2026
cves,CVE-2026-71349,1,https://www.rapid7.com/blog/post/em-patch-tuesday-september-2026
cves,CVE-2026-71348,1,https://www.rapid7.com/blog/post/em-patch-tuesday-september-2026
cves,CVE-2026-71345,1,https://www.rapid7.com/blog/post/em-patch-tuesday-september-2026
cves,CVE-2026-71343,2,https://blog.talosintelligence.com/microsoft-patch-tuesday-for-september-2026/ | https://www.rapid7.com/blog/post/em-patch-tuesday-september-2026
cves,CVE-2026-71342,1,https://www.rapid7.com/blog/post/em-patch-tuesday-september-2026
cves,CVE-2026-71341,1,https://www.rapid7.com/blog/post/em-patch-tuesday-september-2026
cves,CVE-2026-71340,2,https://blog.talosintelligence.com/microsoft-patch-tuesday-for-september-2026/ | https://www.rapid7.com/blog/post/em-patch-tuesday-september-2026
cves,CVE-2026-71339,1,https://www.rapid7.com/blog/post/em-patch-tuesday-september-2026
cves,CVE-2026-71338,1,https://www.rapid7.com/blog/post/em-patch-tuesday-september-2026
cves,CVE-2026-71337,1,https://www.rapid7.com/blog/post/em-patch-tuesday-september-2026
cves,CVE-2026-71336,1,https://www.rapid7.com/blog/post/em-patch-tuesday-september-2026
cves,CVE-2026-71334,1,https://www.rapid7.com/blog/post/em-patch-tuesday-september-2026
cves,CVE-2026-71333,1,https://www.rapid7.com/blog/post/em-patch-tuesday-september-2026
cves,CVE-2026-71332,1,https://www.rapid7.com/blog/post/em-patch-tuesday-september-2026
cves,CVE-2026-71330,1,https://www.rapid7.com/blog/post/em-patch-tuesday-september-2026
cves,CVE-2026-71329,1,https://www.rapid7.com/blog/post/em-patch-tuesday-september-2026
cves,CVE-2026-71328,1,https://www.rapid7.com/blog/post/em-patch-tuesday-september-2026
cves,CVE-2026-70587,1,https://www.rapid7.com/blog/post/em-patch-tuesday-september-2026
cves,CVE-2026-70586,2,https://blog.talosintelligence.com/microsoft-patch-tuesday-for-september-2026/ | https://www.rapid7.com/blog/post/em-patch-tuesday-september-2026
cves,CVE-2026-70585,2,https://blog.talosintelligence.com/microsoft-patch-tuesday-for-september-2026/ | https://www.rapid7.com/blog/post/em-patch-tuesday-september-2026
cves,CVE-2026-70584,1,https://www.rapid7.com/blog/post/em-patch-tuesday-september-2026
cves,CVE-2026-70583,2,https://blog.talosintelligence.com/microsoft-patch-tuesday-for-september-2026/ | https://www.rapid7.com/blog/post/em-patch-tuesday-september-2026
cves,CVE-2026-70582,1,https://www.rapid7.com/blog/post/em-patch-tuesday-september-2026
cves,CVE-2026-70581,1,https://www.rapid7.com/blog/post/em-patch-tuesday-september-2026
cves,CVE-2026-70579,1,https://www.rapid7.com/blog/post/em-patch-tuesday-september-2026
cves,CVE-2026-70578,1,https://www.rapid7.com/blog/post/em-patch-tuesday-september-2026
cves,CVE-2026-70577,1,https://www.rapid7.com/blog/post/em-patch-tuesday-september-2026
cves,CVE-2026-70575,1,https://www.rapid7.com/blog/post/em-patch-tuesday-september-2026
cves,CVE-2026-70574,1,https://www.rapid7.com/blog/post/em-patch-tuesday-september-2026
cves,CVE-2026-70573,1,https://www.rapid7.com/blog/post/em-patch-tuesday-september-2026
cves,CVE-2026-70572,1,https://www.rapid7.com/blog/post/em-patch-tuesday-september-2026
cves,CVE-2026-70570,1,https://www.rapid7.com/blog/post/em-patch-tuesday-september-2026
cves,CVE-2026-70569,1,https://www.rapid7.com/blog/post/em-patch-tuesday-september-2026
cves,CVE-2026-70568,1,https://www.rapid7.com/blog/post/em-patch-tuesday-september-2026
cves,CVE-2026-70567,1,https://www.rapid7.com/blog/post/em-patch-tuesday-september-2026
cves,CVE-2026-70565,1,https://www.rapid7.com/blog/post/em-patch-tuesday-september-2026
cves,CVE-2026-70564,1,https://www.rapid7.com/blog/post/em-patch-tuesday-september-2026
cves,CVE-2026-70563,1,https://www.rapid7.com/blog/post/em-patch-tuesday-september-2026
cves,CVE-2026-70562,2,https://blog.talosintelligence.com/microsoft-patch-tuesday-for-september-2026/ | https://www.rapid7.com/blog/post/em-patch-tuesday-september-2026
cves,CVE-2026-70352,2,https://blog.talosintelligence.com/microsoft-patch-tuesday-for-september-2026/ | https://www.rapid7.com/blog/post/em-patch-tuesday-september-2026
cves,CVE-2026-70351,2,https://blog.talosintelligence.com/microsoft-patch-tuesday-for-september-2026/ | https://www.rapid7.com/blog/post/em-patch-tuesday-september-2026
cves,CVE-2026-70342,2,https://blog.talosintelligence.com/microsoft-patch-tuesday-for-september-2026/ | https://www.rapid7.com/blog/post/em-patch-tuesday-september-2026
cves,CVE-2026-70334,1,https://www.rapid7.com/blog/post/em-patch-tuesday-september-2026
cves,CVE-2026-70296,2,https://blog.talosintelligence.com/microsoft-patch-tuesday-for-september-2026/ | https://www.rapid7.com/blog/post/em-patch-tuesday-september-2026
cves,CVE-2026-70290,1,https://www.rapid7.com/blog/post/em-patch-tuesday-september-2026
cves,CVE-2026-70289,2,https://blog.talosintelligence.com/microsoft-patch-tuesday-for-september-2026/ | https://www.rapid7.com/blog/post/em-patch-tuesday-september-2026
cves,CVE-2026-70283,1,https://www.rapid7.com/blog/post/em-patch-tuesday-september-2026
cves,CVE-2026-70203,2,https://blog.talosintelligence.com/microsoft-patch-tuesday-for-september-2026/ | https://www.rapid7.com/blog/post/em-patch-tuesday-september-2026
cves,CVE-2026-70178,2,https://blog.talosintelligence.com/microsoft-patch-tuesday-for-september-2026/ | https://www.rapid7.com/blog/post/em-patch-tuesday-september-2026
cves,CVE-2026-70145,1,https://www.rapid7.com/blog/post/em-patch-tuesday-september-2026
cves,CVE-2026-70124,1,https://www.rapid7.com/blog/post/em-patch-tuesday-september-2026
cves,CVE-2026-70091,1,https://www.rapid7.com/blog/post/em-patch-tuesday-september-2026
cves,CVE-2026-70065,1,https://www.rapid7.com/blog/post/em-patch-tuesday-september-2026
cves,CVE-2026-70019,1,https://www.rapid7.com/blog/post/em-patch-tuesday-september-2026
cves,CVE-2026-69989,1,https://www.rapid7.com/blog/post/em-patch-tuesday-september-2026
cves,CVE-2026-69930,1,https://www.rapid7.com/blog/post/em-patch-tuesday-september-2026
cves,CVE-2026-69929,1,https://www.rapid7.com/blog/post/em-patch-tuesday-september-2026
cves,CVE-2026-69921,2,https://blog.talosintelligence.com/microsoft-patch-tuesday-for-september-2026/ | https://www.rapid7.com/blog/post/em-patch-tuesday-september-2026
cves,CVE-2026-69911,2,https://blog.talosintelligence.com/microsoft-patch-tuesday-for-september-2026/ | https://www.rapid7.com/blog/post/em-patch-tuesday-september-2026
cves,CVE-2026-69910,1,https://www.rapid7.com/blog/post/em-patch-tuesday-september-2026
cves,CVE-2026-69907,1,https://www.rapid7.com/blog/post/em-patch-tuesday-september-2026
cves,CVE-2026-69906,2,https://blog.talosintelligence.com/microsoft-patch-tuesday-for-september-2026/ | https://www.rapid7.com/blog/post/em-patch-tuesday-september-2026
cves,CVE-2026-69904,1,https://www.rapid7.com/blog/post/em-patch-tuesday-september-2026
cves,CVE-2026-69900,1,https://www.rapid7.com/blog/post/em-patch-tuesday-september-2026
cves,CVE-2026-69896,1,https://www.rapid7.com/blog/post/em-patch-tuesday-september-2026
cves,CVE-2026-69895,1,https://www.rapid7.com/blog/post/em-patch-tuesday-september-2026
cves,CVE-2026-69891,1,https://www.rapid7.com/blog/post/em-patch-tuesday-september-2026
cves,CVE-2026-69890,2,https://blog.talosintelligence.com/microsoft-patch-tuesday-for-september-2026/ | https://www.rapid7.com/blog/post/em-patch-tuesday-september-2026
cves,CVE-2026-69889,1,https://www.rapid7.com/blog/post/em-patch-tuesday-september-2026
cves,CVE-2026-69881,1,https://www.rapid7.com/blog/post/em-patch-tuesday-september-2026
cves,CVE-2026-69878,1,https://www.rapid7.com/blog/post/em-patch-tuesday-september-2026
cves,CVE-2026-69876,1,https://www.rapid7.com/blog/post/em-patch-tuesday-september-2026
cves,CVE-2026-69875,1,https://www.rapid7.com/blog/post/em-patch-tuesday-september-2026
cves,CVE-2026-69874,2,https://blog.talosintelligence.com/microsoft-patch-tuesday-for-september-2026/ | https://www.rapid7.com/blog/post/em-patch-tuesday-september-2026
cves,CVE-2026-69866,1,https://www.rapid7.com/blog/post/em-patch-tuesday-september-2026
cves,CVE-2026-69864,2,https://blog.talosintelligence.com/microsoft-patch-tuesday-for-september-2026/ | https://www.rapid7.com/blog/post/em-patch-tuesday-september-2026
cves,CVE-2026-69862,1,https://www.rapid7.com/blog/post/em-patch-tuesday-september-2026
cves,CVE-2026-69860,2,https://blog.talosintelligence.com/microsoft-patch-tuesday-for-september-2026/ | https://www.rapid7.com/blog/post/em-patch-tuesday-september-2026
cves,CVE-2026-69859,1,https://www.rapid7.com/blog/post/em-patch-tuesday-september-2026
cves,CVE-2026-69858,2,https://blog.talosintelligence.com/microsoft-patch-tuesday-for-september-2026/ | https://www.rapid7.com/blog/post/em-patch-tuesday-september-2026
cves,CVE-2026-69857,2,https://blog.talosintelligence.com/microsoft-patch-tuesday-for-september-2026/ | https://www.rapid7.com/blog/post/em-patch-tuesday-september-2026
cves,CVE-2026-69854,2,https://blog.talosintelligence.com/microsoft-patch-tuesday-for-september-2026/ | https://www.rapid7.com/blog/post/em-patch-tuesday-september-2026
cves,CVE-2026-69853,1,https://www.rapid7.com/blog/post/em-patch-tuesday-september-2026
cves,CVE-2026-69852,2,https://blog.talosintelligence.com/microsoft-patch-tuesday-for-september-2026/ | https://www.rapid7.com/blog/post/em-patch-tuesday-september-2026
cves,CVE-2026-69847,1,https://www.rapid7.com/blog/post/em-patch-tuesday-september-2026
cves,CVE-2026-69846,2,https://blog.talosintelligence.com/microsoft-patch-tuesday-for-september-2026/ | https://www.rapid7.com/blog/post/em-patch-tuesday-september-2026
cves,CVE-2026-69845,2,https://blog.talosintelligence.com/microsoft-patch-tuesday-for-september-2026/ | https://www.rapid7.com/blog/post/em-patch-tuesday-september-2026
cves,CVE-2026-69844,1,https://www.rapid7.com/blog/post/em-patch-tuesday-september-2026
cves,CVE-2026-69841,1,https://www.rapid7.com/blog/post/em-patch-tuesday-september-2026
cves,CVE-2026-69839,1,https://www.rapid7.com/blog/post/em-patch-tuesday-september-2026
cves,CVE-2026-69838,1,https://www.rapid7.com/blog/post/em-patch-tuesday-september-2026
cves,CVE-2026-69834,1,https://www.rapid7.com/blog/post/em-patch-tuesday-september-2026
cves,CVE-2026-69832,2,https://blog.talosintelligence.com/microsoft-patch-tuesday-for-september-2026/ | https://www.rapid7.com/blog/post/em-patch-tuesday-september-2026
cves,CVE-2026-69829,3,https://blog.talosintelligence.com/microsoft-patch-tuesday-for-september-2026/ | https://krebsonsecurity.com/2026/09/microsoft-plugs-nearly-1000-security-holes/ | https://www.rapid7.com/blog/post/em-patch-tuesday-september-2026
cves,CVE-2026-69827,2,https://blog.talosintelligence.com/microsoft-patch-tuesday-for-september-2026/ | https://www.rapid7.com/blog/post/em-patch-tuesday-september-2026
cves,CVE-2026-69826,1,https://www.rapid7.com/blog/post/em-patch-tuesday-september-2026
cves,CVE-2026-69824,1,https://www.rapid7.com/blog/post/em-patch-tuesday-september-2026
cves,CVE-2026-69822,1,https://www.rapid7.com/blog/post/em-patch-tuesday-september-2026
cves,CVE-2026-69821,1,https://www.rapid7.com/blog/post/em-patch-tuesday-september-2026
cves,CVE-2026-69820,2,https://blog.talosintelligence.com/microsoft-patch-tuesday-for-september-2026/ | https://www.rapid7.com/blog/post/em-patch-tuesday-september-2026
cves,CVE-2026-69819,1,https://www.rapid7.com/blog/post/em-patch-tuesday-september-2026
cves,CVE-2026-69818,1,https://www.rapid7.com/blog/post/em-patch-tuesday-september-2026
cves,CVE-2026-69817,1,https://www.rapid7.com/blog/post/em-patch-tuesday-september-2026
cves,CVE-2026-69816,1,https://www.rapid7.com/blog/post/em-patch-tuesday-september-2026
cves,CVE-2026-69814,1,https://www.rapid7.com/blog/post/em-patch-tuesday-september-2026
cves,CVE-2026-69813,2,https://blog.talosintelligence.com/microsoft-patch-tuesday-for-september-2026/ | https://www.rapid7.com/blog/post/em-patch-tuesday-september-2026
cves,CVE-2026-69809,1,https://www.rapid7.com/blog/post/em-patch-tuesday-september-2026
cves,CVE-2026-69808,1,https://www.rapid7.com/blog/post/em-patch-tuesday-september-2026
cves,CVE-2026-69807,1,https://www.rapid7.com/blog/post/em-patch-tuesday-september-2026
cves,CVE-2026-69806,1,https://www.rapid7.com/blog/post/em-patch-tuesday-september-2026
cves,CVE-2026-69805,1,https://www.rapid7.com/blog/post/em-patch-tuesday-september-2026
cves,CVE-2026-69804,1,https://www.rapid7.com/blog/post/em-patch-tuesday-september-2026
cves,CVE-2026-69803,1,https://www.rapid7.com/blog/post/em-patch-tuesday-september-2026
cves,CVE-2026-69801,1,https://www.rapid7.com/blog/post/em-patch-tuesday-september-2026
cves,CVE-2026-69799,2,https://blog.talosintelligence.com/microsoft-patch-tuesday-for-september-2026/ | https://www.rapid7.com/blog/post/em-patch-tuesday-september-2026
cves,CVE-2026-69797,2,https://blog.talosintelligence.com/microsoft-patch-tuesday-for-september-2026/ | https://www.rapid7.com/blog/post/em-patch-tuesday-september-2026
cves,CVE-2026-69794,1,https://www.rapid7.com/blog/post/em-patch-tuesday-september-2026
cves,CVE-2026-69793,1,https://www.rapid7.com/blog/post/em-patch-tuesday-september-2026
cves,CVE-2026-69792,1,https://www.rapid7.com/blog/post/em-patch-tuesday-september-2026
cves,CVE-2026-69791,1,https://www.rapid7.com/blog/post/em-patch-tuesday-september-2026
cves,CVE-2026-69790,1,https://www.rapid7.com/blog/post/em-patch-tuesday-september-2026
cves,CVE-2026-69787,1,https://www.rapid7.com/blog/post/em-patch-tuesday-september-2026
cves,CVE-2026-69786,1,https://www.rapid7.com/blog/post/em-patch-tuesday-september-2026
cves,CVE-2026-69785,1,https://www.rapid7.com/blog/post/em-patch-tuesday-september-2026
cves,CVE-2026-69784,2,https://blog.talosintelligence.com/microsoft-patch-tuesday-for-september-2026/ | https://www.rapid7.com/blog/post/em-patch-tuesday-september-2026
cves,CVE-2026-69782,1,https://www.rapid7.com/blog/post/em-patch-tuesday-september-2026
cves,CVE-2026-69781,1,https://www.rapid7.com/blog/post/em-patch-tuesday-september-2026
cves,CVE-2026-69779,2,https://blog.talosintelligence.com/microsoft-patch-tuesday-for-september-2026/ | https://www.rapid7.com/blog/post/em-patch-tuesday-september-2026
cves,CVE-2026-69778,1,https://www.rapid7.com/blog/post/em-patch-tuesday-september-2026
cves,CVE-2026-69777,2,https://blog.talosintelligence.com/microsoft-patch-tuesday-for-september-2026/ | https://www.rapid7.com/blog/post/em-patch-tuesday-september-2026
cves,CVE-2026-69775,1,https://www.rapid7.com/blog/post/em-patch-tuesday-september-2026
cves,CVE-2026-69773,1,https://www.rapid7.com/blog/post/em-patch-tuesday-september-2026
cves,CVE-2026-69772,1,https://www.rapid7.com/blog/post/em-patch-tuesday-september-2026
cves,CVE-2026-69771,1,https://www.rapid7.com/blog/post/em-patch-tuesday-september-2026
cves,CVE-2026-69770,1,https://www.rapid7.com/blog/post/em-patch-tuesday-september-2026
cves,CVE-2026-69769,2,https://blog.talosintelligence.com/microsoft-patch-tuesday-for-september-2026/ | https://www.rapid7.com/blog/post/em-patch-tuesday-september-2026
cves,CVE-2026-69768,1,https://www.rapid7.com/blog/post/em-patch-tuesday-september-2026
cves,CVE-2026-69767,2,https://blog.talosintelligence.com/microsoft-patch-tuesday-for-september-2026/ | https://www.rapid7.com/blog/post/em-patch-tuesday-september-2026
cves,CVE-2026-69764,1,https://www.rapid7.com/blog/post/em-patch-tuesday-september-2026
cves,CVE-2026-69762,1,https://www.rapid7.com/blog/post/em-patch-tuesday-september-2026
cves,CVE-2026-69761,1,https://www.rapid7.com/blog/post/em-patch-tuesday-september-2026
cves,CVE-2026-69760,1,https://www.rapid7.com/blog/post/em-patch-tuesday-september-2026
cves,CVE-2026-69759,1,https://www.rapid7.com/blog/post/em-patch-tuesday-september-2026
cves,CVE-2026-69758,1,https://www.rapid7.com/blog/post/em-patch-tuesday-september-2026
cves,CVE-2026-69757,2,https://blog.talosintelligence.com/microsoft-patch-tuesday-for-september-2026/ | https://www.rapid7.com/blog/post/em-patch-tuesday-september-2026
cves,CVE-2026-69744,1,https://www.rapid7.com/blog/post/em-patch-tuesday-september-2026
cves,CVE-2026-69742,1,https://www.rapid7.com/blog/post/em-patch-tuesday-september-2026
cves,CVE-2026-69741,1,https://www.rapid7.com/blog/post/em-patch-tuesday-september-2026
cves,CVE-2026-69740,2,https://blog.talosintelligence.com/microsoft-patch-tuesday-for-september-2026/ | https://www.rapid7.com/blog/post/em-patch-tuesday-september-2026
cves,CVE-2026-69739,1,https://www.rapid7.com/blog/post/em-patch-tuesday-september-2026
cves,CVE-2026-69738,1,https://www.rapid7.com/blog/post/em-patch-tuesday-september-2026
cves,CVE-2026-69735,1,https://www.rapid7.com/blog/post/em-patch-tuesday-september-2026
cves,CVE-2026-69734,1,https://www.rapid7.com/blog/post/em-patch-tuesday-september-2026
cves,CVE-2026-69732,1,https://www.rapid7.com/blog/post/em-patch-tuesday-september-2026
cves,CVE-2026-69731,1,https://www.rapid7.com/blog/post/em-patch-tuesday-september-2026
cves,CVE-2026-69730,3,https://blog.talosintelligence.com/microsoft-patch-tuesday-for-september-2026/ | https://krebsonsecurity.com/2026/09/microsoft-plugs-nearly-1000-security-holes/ | https://www.rapid7.com/blog/post/em-patch-tuesday-september-2026
cves,CVE-2026-69729,1,https://www.rapid7.com/blog/post/em-patch-tuesday-september-2026
cves,CVE-2026-69727,1,https://www.rapid7.com/blog/post/em-patch-tuesday-september-2026
cves,CVE-2026-69725,2,https://blog.talosintelligence.com/microsoft-patch-tuesday-for-september-2026/ | https://www.rapid7.com/blog/post/em-patch-tuesday-september-2026
cves,CVE-2026-69724,1,https://www.rapid7.com/blog/post/em-patch-tuesday-september-2026
cves,CVE-2026-69723,2,https://blog.talosintelligence.com/microsoft-patch-tuesday-for-september-2026/ | https://www.rapid7.com/blog/post/em-patch-tuesday-september-2026
cves,CVE-2026-69722,1,https://www.rapid7.com/blog/post/em-patch-tuesday-september-2026
cves,CVE-2026-69720,1,https://www.rapid7.com/blog/post/em-patch-tuesday-september-2026
cves,CVE-2026-69719,1,https://www.rapid7.com/blog/post/em-patch-tuesday-september-2026
cves,CVE-2026-69717,1,https://www.rapid7.com/blog/post/em-patch-tuesday-september-2026
cves,CVE-2026-69716,1,https://www.rapid7.com/blog/post/em-patch-tuesday-september-2026
cves,CVE-2026-69715,1,https://www.rapid7.com/blog/post/em-patch-tuesday-september-2026
cves,CVE-2026-69714,2,https://blog.talosintelligence.com/microsoft-patch-tuesday-for-september-2026/ | https://www.rapid7.com/blog/post/em-patch-tuesday-september-2026
cves,CVE-2026-69713,1,https://www.rapid7.com/blog/post/em-patch-tuesday-september-2026
cves,CVE-2026-69712,2,https://blog.talosintelligence.com/microsoft-patch-tuesday-for-september-2026/ | https://www.rapid7.com/blog/post/em-patch-tuesday-september-2026
cves,CVE-2026-69711,1,https://www.rapid7.com/blog/post/em-patch-tuesday-september-2026
cves,CVE-2026-69710,2,https://blog.talosintelligence.com/microsoft-patch-tuesday-for-september-2026/ | https://www.rapid7.com/blog/post/em-patch-tuesday-september-2026
cves,CVE-2026-69709,1,https://www.rapid7.com/blog/post/em-patch-tuesday-september-2026
cves,CVE-2026-69708,1,https://www.rapid7.com/blog/post/em-patch-tuesday-september-2026
cves,CVE-2026-69707,1,https://www.rapid7.com/blog/post/em-patch-tuesday-september-2026
cves,CVE-2026-69706,1,https://www.rapid7.com/blog/post/em-patch-tuesday-september-2026
cves,CVE-2026-69694,1,https://www.rapid7.com/blog/post/em-patch-tuesday-september-2026
cves,CVE-2026-69693,1,https://www.rapid7.com/blog/post/em-patch-tuesday-september-2026
cves,CVE-2026-69692,1,https://www.rapid7.com/blog/post/em-patch-tuesday-september-2026
cves,CVE-2026-69691,1,https://www.rapid7.com/blog/post/em-patch-tuesday-september-2026
cves,CVE-2026-69690,1,https://www.rapid7.com/blog/post/em-patch-tuesday-september-2026
cves,CVE-2026-69689,1,https://www.rapid7.com/blog/post/em-patch-tuesday-september-2026
cves,CVE-2026-69688,1,https://www.rapid7.com/blog/post/em-patch-tuesday-september-2026
cves,CVE-2026-69687,1,https://www.rapid7.com/blog/post/em-patch-tuesday-september-2026
cves,CVE-2026-69686,1,https://www.rapid7.com/blog/post/em-patch-tuesday-september-2026
cves,CVE-2026-69685,1,https://www.rapid7.com/blog/post/em-patch-tuesday-september-2026
cves,CVE-2026-69684,1,https://www.rapid7.com/blog/post/em-patch-tuesday-september-2026
cves,CVE-2026-69683,1,https://www.rapid7.com/blog/post/em-patch-tuesday-september-2026
cves,CVE-2026-69682,1,https://www.rapid7.com/blog/post/em-patch-tuesday-september-2026
cves,CVE-2026-69681,1,https://www.rapid7.com/blog/post/em-patch-tuesday-september-2026
cves,CVE-2026-69680,1,https://www.rapid7.com/blog/post/em-patch-tuesday-september-2026
cves,CVE-2026-69679,1,https://www.rapid7.com/blog/post/em-patch-tuesday-september-2026
cves,CVE-2026-69678,2,https://blog.talosintelligence.com/microsoft-patch-tuesday-for-september-2026/ | https://www.rapid7.com/blog/post/em-patch-tuesday-september-2026
cves,CVE-2026-69676,2,https://blog.talosintelligence.com/microsoft-patch-tuesday-for-september-2026/ | https://www.rapid7.com/blog/post/em-patch-tuesday-september-2026
cves,CVE-2026-69674,1,https://www.rapid7.com/blog/post/em-patch-tuesday-september-2026
cves,CVE-2026-69672,1,https://www.rapid7.com/blog/post/em-patch-tuesday-september-2026
cves,CVE-2026-69671,1,https://www.rapid7.com/blog/post/em-patch-tuesday-september-2026
cves,CVE-2026-69669,1,https://www.rapid7.com/blog/post/em-patch-tuesday-september-2026
cves,CVE-2026-69654,1,https://www.rapid7.com/blog/post/em-patch-tuesday-september-2026
cves,CVE-2026-69652,1,https://www.rapid7.com/blog/post/em-patch-tuesday-september-2026
cves,CVE-2026-69649,2,https://blog.talosintelligence.com/microsoft-patch-tuesday-for-september-2026/ | https://www.rapid7.com/blog/post/em-patch-tuesday-september-2026
cves,CVE-2026-69648,1,https://www.rapid7.com/blog/post/em-patch-tuesday-september-2026
cves,CVE-2026-69646,1,https://www.rapid7.com/blog/post/em-patch-tuesday-september-2026
cves,CVE-2026-69645,1,https://www.rapid7.com/blog/post/em-patch-tuesday-september-2026
cves,CVE-2026-69643,1,https://www.rapid7.com/blog/post/em-patch-tuesday-september-2026
cves,CVE-2026-69642,1,https://www.rapid7.com/blog/post/em-patch-tuesday-september-2026
cves,CVE-2026-69641,1,https://www.rapid7.com/blog/post/em-patch-tuesday-september-2026
cves,CVE-2026-69638,1,https://www.rapid7.com/blog/post/em-patch-tuesday-september-2026
cves,CVE-2026-69637,1,https://www.rapid7.com/blog/post/em-patch-tuesday-september-2026
cves,CVE-2026-69636,1,https://www.rapid7.com/blog/post/em-patch-tuesday-september-2026
cves,CVE-2026-69632,2,https://blog.talosintelligence.com/microsoft-patch-tuesday-for-september-2026/ | https://www.rapid7.com/blog/post/em-patch-tuesday-september-2026
cves,CVE-2026-69631,1,https://www.rapid7.com/blog/post/em-patch-tuesday-september-2026
cves,CVE-2026-69630,1,https://www.rapid7.com/blog/post/em-patch-tuesday-september-2026
cves,CVE-2026-69629,1,https://www.rapid7.com/blog/post/em-patch-tuesday-september-2026
cves,CVE-2026-69628,1,https://www.rapid7.com/blog/post/em-patch-tuesday-september-2026
cves,CVE-2026-69627,1,https://www.rapid7.com/blog/post/em-patch-tuesday-september-2026
cves,CVE-2026-69626,1,https://www.rapid7.com/blog/post/em-patch-tuesday-september-2026
cves,CVE-2026-69625,1,https://www.rapid7.com/blog/post/em-patch-tuesday-september-2026
cves,CVE-2026-69624,1,https://www.rapid7.com/blog/post/em-patch-tuesday-september-2026
cves,CVE-2026-69623,2,https://blog.talosintelligence.com/microsoft-patch-tuesday-for-september-2026/ | https://www.rapid7.com/blog/post/em-patch-tuesday-september-2026
cves,CVE-2026-69621,1,https://www.rapid7.com/blog/post/em-patch-tuesday-september-2026
cves,CVE-2026-69620,1,https://www.rapid7.com/blog/post/em-patch-tuesday-september-2026
cves,CVE-2026-69619,1,https://www.rapid7.com/blog/post/em-patch-tuesday-september-2026
cves,CVE-2026-69618,1,https://www.rapid7.com/blog/post/em-patch-tuesday-september-2026
cves,CVE-2026-69617,1,https://www.rapid7.com/blog/post/em-patch-tuesday-september-2026
cves,CVE-2026-69616,1,https://www.rapid7.com/blog/post/em-patch-tuesday-september-2026
cves,CVE-2026-69615,1,https://www.rapid7.com/blog/post/em-patch-tuesday-september-2026
cves,CVE-2026-69614,1,https://www.rapid7.com/blog/post/em-patch-tuesday-september-2026
cves,CVE-2026-69613,1,https://www.rapid7.com/blog/post/em-patch-tuesday-september-2026
cves,CVE-2026-69612,1,https://www.rapid7.com/blog/post/em-patch-tuesday-september-2026
cves,CVE-2026-69611,1,https://www.rapid7.com/blog/post/em-patch-tuesday-september-2026
cves,CVE-2026-69610,1,https://www.rapid7.com/blog/post/em-patch-tuesday-september-2026
cves,CVE-2026-69609,1,https://www.rapid7.com/blog/post/em-patch-tuesday-september-2026
cves,CVE-2026-69608,1,https://www.rapid7.com/blog/post/em-patch-tuesday-september-2026
cves,CVE-2026-69607,1,https://www.rapid7.com/blog/post/em-patch-tuesday-september-2026
cves,CVE-2026-69606,1,https://www.rapid7.com/blog/post/em-patch-tuesday-september-2026
cves,CVE-2026-69605,2,https://blog.talosintelligence.com/microsoft-patch-tuesday-for-september-2026/ | https://www.rapid7.com/blog/post/em-patch-tuesday-september-2026
cves,CVE-2026-69604,1,https://www.rapid7.com/blog/post/em-patch-tuesday-september-2026
cves,CVE-2026-69603,2,https://blog.talosintelligence.com/microsoft-patch-tuesday-for-september-2026/ | https://www.rapid7.com/blog/post/em-patch-tuesday-september-2026
cves,CVE-2026-69602,1,https://www.rapid7.com/blog/post/em-patch-tuesday-september-2026
cves,CVE-2026-69601,2,https://blog.talosintelligence.com/microsoft-patch-tuesday-for-september-2026/ | https://www.rapid7.com/blog/post/em-patch-tuesday-september-2026
cves,CVE-2026-69600,2,https://blog.talosintelligence.com/microsoft-patch-tuesday-for-september-2026/ | https://www.rapid7.com/blog/post/em-patch-tuesday-september-2026
cves,CVE-2026-69599,1,https://www.rapid7.com/blog/post/em-patch-tuesday-september-2026
cves,CVE-2026-69598,1,https://www.rapid7.com/blog/post/em-patch-tuesday-september-2026
cves,CVE-2026-69597,1,https://www.rapid7.com/blog/post/em-patch-tuesday-september-2026
cves,CVE-2026-69595,2,https://blog.talosintelligence.com/microsoft-patch-tuesday-for-september-2026/ | https://www.rapid7.com/blog/post/em-patch-tuesday-september-2026
cves,CVE-2026-69594,1,https://www.rapid7.com/blog/post/em-patch-tuesday-september-2026
cves,CVE-2026-69593,1,https://www.rapid7.com/blog/post/em-patch-tuesday-september-2026
cves,CVE-2026-69592,1,https://www.rapid7.com/blog/post/em-patch-tuesday-september-2026
cves,CVE-2026-69591,1,https://www.rapid7.com/blog/post/em-patch-tuesday-september-2026
cves,CVE-2026-69590,3,https://blog.talosintelligence.com/microsoft-patch-tuesday-for-september-2026/ | https://isc.sans.edu/diary/rss/33320 | https://www.rapid7.com/blog/post/em-patch-tuesday-september-2026
cves,CVE-2026-69589,1,https://www.rapid7.com/blog/post/em-patch-tuesday-september-2026
cves,CVE-2026-69588,1,https://www.rapid7.com/blog/post/em-patch-tuesday-september-2026
cves,CVE-2026-69587,1,https://www.rapid7.com/blog/post/em-patch-tuesday-september-2026
cves,CVE-2026-69586,1,https://www.rapid7.com/blog/post/em-patch-tuesday-september-2026
cves,CVE-2026-69585,2,https://blog.talosintelligence.com/microsoft-patch-tuesday-for-september-2026/ | https://www.rapid7.com/blog/post/em-patch-tuesday-september-2026
cves,CVE-2026-69584,1,https://www.rapid7.com/blog/post/em-patch-tuesday-september-2026
cves,CVE-2026-69583,1,https://www.rapid7.com/blog/post/em-patch-tuesday-september-2026
cves,CVE-2026-69582,1,https://www.rapid7.com/blog/post/em-patch-tuesday-september-2026
cves,CVE-2026-69581,1,https://www.rapid7.com/blog/post/em-patch-tuesday-september-2026
cves,CVE-2026-69580,1,https://www.rapid7.com/blog/post/em-patch-tuesday-september-2026
cves,CVE-2026-69579,3,https://blog.talosintelligence.com/microsoft-patch-tuesday-for-september-2026/ | https://isc.sans.edu/diary/rss/33320 | https://www.rapid7.com/blog/post/em-patch-tuesday-september-2026
cves,CVE-2026-69578,1,https://www.rapid7.com/blog/post/em-patch-tuesday-september-2026
cves,CVE-2026-69576,1,https://www.rapid7.com/blog/post/em-patch-tuesday-september-2026
cves,CVE-2026-69575,1,https://www.rapid7.com/blog/post/em-patch-tuesday-september-2026
cves,CVE-2026-69574,1,https://www.rapid7.com/blog/post/em-patch-tuesday-september-2026
cves,CVE-2026-69573,1,https://www.rapid7.com/blog/post/em-patch-tuesday-september-2026
cves,CVE-2026-69572,1,https://www.rapid7.com/blog/post/em-patch-tuesday-september-2026
cves,CVE-2026-69571,1,https://www.rapid7.com/blog/post/em-patch-tuesday-september-2026
cves,CVE-2026-69569,1,https://www.rapid7.com/blog/post/em-patch-tuesday-september-2026
cves,CVE-2026-69568,1,https://www.rapid7.com/blog/post/em-patch-tuesday-september-2026
cves,CVE-2026-69567,1,https://www.rapid7.com/blog/post/em-patch-tuesday-september-2026
cves,CVE-2026-69566,1,https://www.rapid7.com/blog/post/em-patch-tuesday-september-2026
cves,CVE-2026-69564,1,https://www.rapid7.com/blog/post/em-patch-tuesday-september-2026
cves,CVE-2026-69563,1,https://www.rapid7.com/blog/post/em-patch-tuesday-september-2026
cves,CVE-2026-69562,1,https://www.rapid7.com/blog/post/em-patch-tuesday-september-2026
cves,CVE-2026-69561,1,https://www.rapid7.com/blog/post/em-patch-tuesday-september-2026
cves,CVE-2026-69560,1,https://www.rapid7.com/blog/post/em-patch-tuesday-september-2026
cves,CVE-2026-69559,1,https://www.rapid7.com/blog/post/em-patch-tuesday-september-2026
cves,CVE-2026-69556,1,https://www.rapid7.com/blog/post/em-patch-tuesday-september-2026
cves,CVE-2026-69554,1,https://www.rapid7.com/blog/post/em-patch-tuesday-september-2026
cves,CVE-2026-69553,1,https://www.rapid7.com/blog/post/em-patch-tuesday-september-2026
cves,CVE-2026-69552,1,https://www.rapid7.com/blog/post/em-patch-tuesday-september-2026
cves,CVE-2026-69551,1,https://www.rapid7.com/blog/post/em-patch-tuesday-september-2026
cves,CVE-2026-69549,1,https://www.rapid7.com/blog/post/em-patch-tuesday-september-2026
cves,CVE-2026-69548,1,https://www.rapid7.com/blog/post/em-patch-tuesday-september-2026
cves,CVE-2026-69547,1,https://www.rapid7.com/blog/post/em-patch-tuesday-september-2026
cves,CVE-2026-69546,1,https://www.rapid7.com/blog/post/em-patch-tuesday-september-2026
cves,CVE-2026-69544,1,https://www.rapid7.com/blog/post/em-patch-tuesday-september-2026
cves,CVE-2026-69542,1,https://www.rapid7.com/blog/post/em-patch-tuesday-september-2026
cves,CVE-2026-69541,2,https://blog.talosintelligence.com/microsoft-patch-tuesday-for-september-2026/ | https://www.rapid7.com/blog/post/em-patch-tuesday-september-2026
cves,CVE-2026-69540,1,https://www.rapid7.com/blog/post/em-patch-tuesday-september-2026
cves,CVE-2026-69539,1,https://www.rapid7.com/blog/post/em-patch-tuesday-september-2026
cves,CVE-2026-69538,1,https://www.rapid7.com/blog/post/em-patch-tuesday-september-2026
cves,CVE-2026-69536,1,https://www.rapid7.com/blog/post/em-patch-tuesday-september-2026
cves,CVE-2026-69535,1,https://www.rapid7.com/blog/post/em-patch-tuesday-september-2026
cves,CVE-2026-69534,1,https://www.rapid7.com/blog/post/em-patch-tuesday-september-2026
cves,CVE-2026-69532,1,https://www.rapid7.com/blog/post/em-patch-tuesday-september-2026
cves,CVE-2026-69531,1,https://www.rapid7.com/blog/post/em-patch-tuesday-september-2026
cves,CVE-2026-69530,2,https://blog.talosintelligence.com/microsoft-patch-tuesday-for-september-2026/ | https://www.rapid7.com/blog/post/em-patch-tuesday-september-2026
cves,CVE-2026-69529,1,https://www.rapid7.com/blog/post/em-patch-tuesday-september-2026
cves,CVE-2026-69528,1,https://www.rapid7.com/blog/post/em-patch-tuesday-september-2026
cves,CVE-2026-69527,1,https://www.rapid7.com/blog/post/em-patch-tuesday-september-2026
cves,CVE-2026-69525,2,https://blog.talosintelligence.com/microsoft-patch-tuesday-for-september-2026/ | https://www.rapid7.com/blog/post/em-patch-tuesday-september-2026
cves,CVE-2026-69524,1,https://www.rapid7.com/blog/post/em-patch-tuesday-september-2026
cves,CVE-2026-69522,1,https://www.rapid7.com/blog/post/em-patch-tuesday-september-2026
cves,CVE-2026-69518,2,https://blog.talosintelligence.com/microsoft-patch-tuesday-for-september-2026/ | https://www.rapid7.com/blog/post/em-patch-tuesday-september-2026
cves,CVE-2026-69517,1,https://www.rapid7.com/blog/post/em-patch-tuesday-september-2026
cves,CVE-2026-69516,1,https://www.rapid7.com/blog/post/em-patch-tuesday-september-2026
cves,CVE-2026-69514,1,https://www.rapid7.com/blog/post/em-patch-tuesday-september-2026
cves,CVE-2026-69513,1,https://www.rapid7.com/blog/post/em-patch-tuesday-september-2026
cves,CVE-2026-69512,1,https://www.rapid7.com/blog/post/em-patch-tuesday-september-2026
cves,CVE-2026-69511,1,https://www.rapid7.com/blog/post/em-patch-tuesday-september-2026
cves,CVE-2026-69510,1,https://www.rapid7.com/blog/post/em-patch-tuesday-september-2026
cves,CVE-2026-69509,1,https://www.rapid7.com/blog/post/em-patch-tuesday-september-2026
cves,CVE-2026-69508,1,https://www.rapid7.com/blog/post/em-patch-tuesday-september-2026
cves,CVE-2026-69507,1,https://www.rapid7.com/blog/post/em-patch-tuesday-september-2026
cves,CVE-2026-69505,1,https://www.rapid7.com/blog/post/em-patch-tuesday-september-2026
cves,CVE-2026-69504,1,https://www.rapid7.com/blog/post/em-patch-tuesday-september-2026
cves,CVE-2026-69503,1,https://www.rapid7.com/blog/post/em-patch-tuesday-september-2026
cves,CVE-2026-69501,2,https://blog.talosintelligence.com/microsoft-patch-tuesday-for-september-2026/ | https://www.rapid7.com/blog/post/em-patch-tuesday-september-2026
cves,CVE-2026-69500,1,https://www.rapid7.com/blog/post/em-patch-tuesday-september-2026
cves,CVE-2026-69499,2,https://blog.talosintelligence.com/microsoft-patch-tuesday-for-september-2026/ | https://www.rapid7.com/blog/post/em-patch-tuesday-september-2026
cves,CVE-2026-69498,2,https://blog.talosintelligence.com/microsoft-patch-tuesday-for-september-2026/ | https://www.rapid7.com/blog/post/em-patch-tuesday-september-2026
cves,CVE-2026-69497,1,https://www.rapid7.com/blog/post/em-patch-tuesday-september-2026
cves,CVE-2026-69496,1,https://www.rapid7.com/blog/post/em-patch-tuesday-september-2026
cves,CVE-2026-69495,1,https://www.rapid7.com/blog/post/em-patch-tuesday-september-2026
cves,CVE-2026-69494,1,https://www.rapid7.com/blog/post/em-patch-tuesday-september-2026
cves,CVE-2026-69493,1,https://www.rapid7.com/blog/post/em-patch-tuesday-september-2026
cves,CVE-2026-69492,1,https://www.rapid7.com/blog/post/em-patch-tuesday-september-2026
cves,CVE-2026-69491,1,https://www.rapid7.com/blog/post/em-patch-tuesday-september-2026
cves,CVE-2026-69490,1,https://www.rapid7.com/blog/post/em-patch-tuesday-september-2026
cves,CVE-2026-69489,1,https://www.rapid7.com/blog/post/em-patch-tuesday-september-2026
cves,CVE-2026-69488,1,https://www.rapid7.com/blog/post/em-patch-tuesday-september-2026
cves,CVE-2026-69485,1,https://www.rapid7.com/blog/post/em-patch-tuesday-september-2026
cves,CVE-2026-69483,1,https://www.rapid7.com/blog/post/em-patch-tuesday-september-2026
cves,CVE-2026-69482,1,https://www.rapid7.com/blog/post/em-patch-tuesday-september-2026
cves,CVE-2026-69481,1,https://www.rapid7.com/blog/post/em-patch-tuesday-september-2026
cves,CVE-2026-69480,1,https://www.rapid7.com/blog/post/em-patch-tuesday-september-2026
cves,CVE-2026-69479,1,https://www.rapid7.com/blog/post/em-patch-tuesday-september-2026
cves,CVE-2026-69478,2,https://blog.talosintelligence.com/microsoft-patch-tuesday-for-september-2026/ | https://www.rapid7.com/blog/post/em-patch-tuesday-september-2026
cves,CVE-2026-69477,1,https://www.rapid7.com/blog/post/em-patch-tuesday-september-2026
cves,CVE-2026-69476,1,https://www.rapid7.com/blog/post/em-patch-tuesday-september-2026
cves,CVE-2026-69475,1,https://www.rapid7.com/blog/post/em-patch-tuesday-september-2026
cves,CVE-2026-69474,1,https://www.rapid7.com/blog/post/em-patch-tuesday-september-2026
cves,CVE-2026-69473,2,https://blog.talosintelligence.com/microsoft-patch-tuesday-for-september-2026/ | https://www.rapid7.com/blog/post/em-patch-tuesday-september-2026
cves,CVE-2026-69472,1,https://www.rapid7.com/blog/post/em-patch-tuesday-september-2026
cves,CVE-2026-69470,1,https://www.rapid7.com/blog/post/em-patch-tuesday-september-2026
cves,CVE-2026-69469,1,https://www.rapid7.com/blog/post/em-patch-tuesday-september-2026
cves,CVE-2026-69468,1,https://www.rapid7.com/blog/post/em-patch-tuesday-september-2026
cves,CVE-2026-69467,2,https://blog.talosintelligence.com/microsoft-patch-tuesday-for-september-2026/ | https://www.rapid7.com/blog/post/em-patch-tuesday-september-2026
cves,CVE-2026-69466,2,https://blog.talosintelligence.com/microsoft-patch-tuesday-for-september-2026/ | https://www.rapid7.com/blog/post/em-patch-tuesday-september-2026
cves,CVE-2026-69465,1,https://www.rapid7.com/blog/post/em-patch-tuesday-september-2026
cves,CVE-2026-69464,1,https://www.rapid7.com/blog/post/em-patch-tuesday-september-2026
cves,CVE-2026-69463,1,https://www.rapid7.com/blog/post/em-patch-tuesday-september-2026
cves,CVE-2026-69462,1,https://www.rapid7.com/blog/post/em-patch-tuesday-september-2026
cves,CVE-2026-69461,1,https://www.rapid7.com/blog/post/em-patch-tuesday-september-2026
cves,CVE-2026-69460,2,https://blog.talosintelligence.com/microsoft-patch-tuesday-for-september-2026/ | https://www.rapid7.com/blog/post/em-patch-tuesday-september-2026
cves,CVE-2026-69459,2,https://blog.talosintelligence.com/microsoft-patch-tuesday-for-september-2026/ | https://www.rapid7.com/blog/post/em-patch-tuesday-september-2026
cves,CVE-2026-69458,1,https://www.rapid7.com/blog/post/em-patch-tuesday-september-2026
cves,CVE-2026-69457,1,https://www.rapid7.com/blog/post/em-patch-tuesday-september-2026
cves,CVE-2026-69456,1,https://www.rapid7.com/blog/post/em-patch-tuesday-september-2026
cves,CVE-2026-69455,1,https://www.rapid7.com/blog/post/em-patch-tuesday-september-2026
cves,CVE-2026-69453,1,https://www.rapid7.com/blog/post/em-patch-tuesday-september-2026
cves,CVE-2026-69451,2,https://blog.talosintelligence.com/microsoft-patch-tuesday-for-september-2026/ | https://www.rapid7.com/blog/post/em-patch-tuesday-september-2026
cves,CVE-2026-69450,2,https://blog.talosintelligence.com/microsoft-patch-tuesday-for-september-2026/ | https://www.rapid7.com/blog/post/em-patch-tuesday-september-2026
cves,CVE-2026-69449,1,https://www.rapid7.com/blog/post/em-patch-tuesday-september-2026
cves,CVE-2026-69448,1,https://www.rapid7.com/blog/post/em-patch-tuesday-september-2026
cves,CVE-2026-69447,1,https://www.rapid7.com/blog/post/em-patch-tuesday-september-2026
cves,CVE-2026-69445,1,https://www.rapid7.com/blog/post/em-patch-tuesday-september-2026
cves,CVE-2026-69444,1,https://www.rapid7.com/blog/post/em-patch-tuesday-september-2026
cves,CVE-2026-69443,1,https://www.rapid7.com/blog/post/em-patch-tuesday-september-2026
cves,CVE-2026-69442,1,https://www.rapid7.com/blog/post/em-patch-tuesday-september-2026
cves,CVE-2026-69441,1,https://www.rapid7.com/blog/post/em-patch-tuesday-september-2026
cves,CVE-2026-69440,1,https://www.rapid7.com/blog/post/em-patch-tuesday-september-2026
cves,CVE-2026-69439,1,https://www.rapid7.com/blog/post/em-patch-tuesday-september-2026
cves,CVE-2026-69438,1,https://www.rapid7.com/blog/post/em-patch-tuesday-september-2026
cves,CVE-2026-69436,2,https://blog.talosintelligence.com/microsoft-patch-tuesday-for-september-2026/ | https://www.rapid7.com/blog/post/em-patch-tuesday-september-2026
cves,CVE-2026-69434,1,https://www.rapid7.com/blog/post/em-patch-tuesday-september-2026
cves,CVE-2026-69433,1,https://www.rapid7.com/blog/post/em-patch-tuesday-september-2026
cves,CVE-2026-69432,1,https://www.rapid7.com/blog/post/em-patch-tuesday-september-2026
cves,CVE-2026-69431,1,https://www.rapid7.com/blog/post/em-patch-tuesday-september-2026
cves,CVE-2026-69430,1,https://www.rapid7.com/blog/post/em-patch-tuesday-september-2026
cves,CVE-2026-69429,1,https://www.rapid7.com/blog/post/em-patch-tuesday-september-2026
cves,CVE-2026-69428,1,https://www.rapid7.com/blog/post/em-patch-tuesday-september-2026
cves,CVE-2026-69427,1,https://www.rapid7.com/blog/post/em-patch-tuesday-september-2026
cves,CVE-2026-69426,1,https://www.rapid7.com/blog/post/em-patch-tuesday-september-2026
cves,CVE-2026-69425,1,https://www.rapid7.com/blog/post/em-patch-tuesday-september-2026
cves,CVE-2026-69424,1,https://www.rapid7.com/blog/post/em-patch-tuesday-september-2026
cves,CVE-2026-69423,1,https://www.rapid7.com/blog/post/em-patch-tuesday-september-2026
cves,CVE-2026-69422,1,https://www.rapid7.com/blog/post/em-patch-tuesday-september-2026
cves,CVE-2026-69421,1,https://www.rapid7.com/blog/post/em-patch-tuesday-september-2026
cves,CVE-2026-69420,1,https://www.rapid7.com/blog/post/em-patch-tuesday-september-2026
cves,CVE-2026-69418,1,https://www.rapid7.com/blog/post/em-patch-tuesday-september-2026
cves,CVE-2026-69417,1,https://www.rapid7.com/blog/post/em-patch-tuesday-september-2026
cves,CVE-2026-69416,1,https://www.rapid7.com/blog/post/em-patch-tuesday-september-2026
cves,CVE-2026-69415,1,https://www.rapid7.com/blog/post/em-patch-tuesday-september-2026
cves,CVE-2026-69413,1,https://www.rapid7.com/blog/post/em-patch-tuesday-september-2026
cves,CVE-2026-69412,1,https://www.rapid7.com/blog/post/em-patch-tuesday-september-2026
cves,CVE-2026-69410,1,https://www.rapid7.com/blog/post/em-patch-tuesday-september-2026
cves,CVE-2026-69409,1,https://www.rapid7.com/blog/post/em-patch-tuesday-september-2026
cves,CVE-2026-69408,1,https://www.rapid7.com/blog/post/em-patch-tuesday-september-2026
cves,CVE-2026-69407,1,https://www.rapid7.com/blog/post/em-patch-tuesday-september-2026
cves,CVE-2026-69406,2,https://blog.talosintelligence.com/microsoft-patch-tuesday-for-september-2026/ | https://www.rapid7.com/blog/post/em-patch-tuesday-september-2026
cves,CVE-2026-69405,1,https://www.rapid7.com/blog/post/em-patch-tuesday-september-2026
cves,CVE-2026-69404,1,https://www.rapid7.com/blog/post/em-patch-tuesday-september-2026
cves,CVE-2026-69403,1,https://www.rapid7.com/blog/post/em-patch-tuesday-september-2026
cves,CVE-2026-69402,1,https://www.rapid7.com/blog/post/em-patch-tuesday-september-2026
cves,CVE-2026-69401,1,https://www.rapid7.com/blog/post/em-patch-tuesday-september-2026
cves,CVE-2026-69398,1,https://www.rapid7.com/blog/post/em-patch-tuesday-september-2026
cves,CVE-2026-69397,1,https://www.rapid7.com/blog/post/em-patch-tuesday-september-2026
cves,CVE-2026-69396,1,https://www.rapid7.com/blog/post/em-patch-tuesday-september-2026
cves,CVE-2026-69395,1,https://www.rapid7.com/blog/post/em-patch-tuesday-september-2026
cves,CVE-2026-69394,1,https://www.rapid7.com/blog/post/em-patch-tuesday-september-2026
cves,CVE-2026-69393,1,https://www.rapid7.com/blog/post/em-patch-tuesday-september-2026
cves,CVE-2026-69392,1,https://www.rapid7.com/blog/post/em-patch-tuesday-september-2026
cves,CVE-2026-69391,2,https://blog.talosintelligence.com/microsoft-patch-tuesday-for-september-2026/ | https://www.rapid7.com/blog/post/em-patch-tuesday-september-2026
cves,CVE-2026-69390,1,https://www.rapid7.com/blog/post/em-patch-tuesday-september-2026
cves,CVE-2026-69389,1,https://www.rapid7.com/blog/post/em-patch-tuesday-september-2026
cves,CVE-2026-69388,1,https://www.rapid7.com/blog/post/em-patch-tuesday-september-2026
cves,CVE-2026-69386,1,https://www.rapid7.com/blog/post/em-patch-tuesday-september-2026
cves,CVE-2026-69385,2,https://blog.talosintelligence.com/microsoft-patch-tuesday-for-september-2026/ | https://www.rapid7.com/blog/post/em-patch-tuesday-september-2026
cves,CVE-2026-69384,1,https://www.rapid7.com/blog/post/em-patch-tuesday-september-2026
cves,CVE-2026-69383,1,https://www.rapid7.com/blog/post/em-patch-tuesday-september-2026
cves,CVE-2026-69382,1,https://www.rapid7.com/blog/post/em-patch-tuesday-september-2026
cves,CVE-2026-69381,1,https://www.rapid7.com/blog/post/em-patch-tuesday-september-2026
cves,CVE-2026-69380,1,https://www.rapid7.com/blog/post/em-patch-tuesday-september-2026
cves,CVE-2026-69379,1,https://www.rapid7.com/blog/post/em-patch-tuesday-september-2026
cves,CVE-2026-69378,1,https://www.rapid7.com/blog/post/em-patch-tuesday-september-2026
cves,CVE-2026-69377,1,https://www.rapid7.com/blog/post/em-patch-tuesday-september-2026
cves,CVE-2026-69376,1,https://www.rapid7.com/blog/post/em-patch-tuesday-september-2026
cves,CVE-2026-69375,1,https://www.rapid7.com/blog/post/em-patch-tuesday-september-2026
cves,CVE-2026-69374,1,https://www.rapid7.com/blog/post/em-patch-tuesday-september-2026
cves,CVE-2026-69373,1,https://www.rapid7.com/blog/post/em-patch-tuesday-september-2026
cves,CVE-2026-69372,1,https://www.rapid7.com/blog/post/em-patch-tuesday-september-2026
cves,CVE-2026-69371,1,https://www.rapid7.com/blog/post/em-patch-tuesday-september-2026
cves,CVE-2026-69369,1,https://www.rapid7.com/blog/post/em-patch-tuesday-september-2026
cves,CVE-2026-69368,1,https://www.rapid7.com/blog/post/em-patch-tuesday-september-2026
cves,CVE-2026-69367,1,https://www.rapid7.com/blog/post/em-patch-tuesday-september-2026
cves,CVE-2026-69366,2,https://blog.talosintelligence.com/microsoft-patch-tuesday-for-september-2026/ | https://www.rapid7.com/blog/post/em-patch-tuesday-september-2026
cves,CVE-2026-69365,1,https://www.rapid7.com/blog/post/em-patch-tuesday-september-2026
cves,CVE-2026-69364,2,https://blog.talosintelligence.com/microsoft-patch-tuesday-for-september-2026/ | https://www.rapid7.com/blog/post/em-patch-tuesday-september-2026
cves,CVE-2026-69362,1,https://www.rapid7.com/blog/post/em-patch-tuesday-september-2026
cves,CVE-2026-69361,1,https://www.rapid7.com/blog/post/em-patch-tuesday-september-2026
cves,CVE-2026-69360,1,https://www.rapid7.com/blog/post/em-patch-tuesday-september-2026
cves,CVE-2026-69359,1,https://www.rapid7.com/blog/post/em-patch-tuesday-september-2026
cves,CVE-2026-69358,1,https://www.rapid7.com/blog/post/em-patch-tuesday-september-2026
cves,CVE-2026-69357,1,https://www.rapid7.com/blog/post/em-patch-tuesday-september-2026
cves,CVE-2026-69356,1,https://www.rapid7.com/blog/post/em-patch-tuesday-september-2026
cves,CVE-2026-69355,1,https://www.rapid7.com/blog/post/em-patch-tuesday-september-2026
cves,CVE-2026-69353,1,https://www.rapid7.com/blog/post/em-patch-tuesday-september-2026
cves,CVE-2026-69352,1,https://www.rapid7.com/blog/post/em-patch-tuesday-september-2026
cves,CVE-2026-69351,1,https://www.rapid7.com/blog/post/em-patch-tuesday-september-2026
cves,CVE-2026-69350,1,https://www.rapid7.com/blog/post/em-patch-tuesday-september-2026
cves,CVE-2026-69349,1,https://www.rapid7.com/blog/post/em-patch-tuesday-september-2026
cves,CVE-2026-69348,1,https://www.rapid7.com/blog/post/em-patch-tuesday-september-2026
cves,CVE-2026-69347,1,https://www.rapid7.com/blog/post/em-patch-tuesday-september-2026
cves,CVE-2026-69346,1,https://www.rapid7.com/blog/post/em-patch-tuesday-september-2026
cves,CVE-2026-69345,1,https://www.rapid7.com/blog/post/em-patch-tuesday-september-2026
cves,CVE-2026-69344,1,https://www.rapid7.com/blog/post/em-patch-tuesday-september-2026
cves,CVE-2026-69343,1,https://www.rapid7.com/blog/post/em-patch-tuesday-september-2026
cves,CVE-2026-69342,1,https://www.rapid7.com/blog/post/em-patch-tuesday-september-2026
cves,CVE-2026-69341,1,https://www.rapid7.com/blog/post/em-patch-tuesday-september-2026
cves,CVE-2026-69340,1,https://www.rapid7.com/blog/post/em-patch-tuesday-september-2026
cves,CVE-2026-69339,1,https://www.rapid7.com/blog/post/em-patch-tuesday-september-2026
cves,CVE-2026-69338,1,https://www.rapid7.com/blog/post/em-patch-tuesday-september-2026
cves,CVE-2026-69337,2,https://blog.talosintelligence.com/microsoft-patch-tuesday-for-september-2026/ | https://www.rapid7.com/blog/post/em-patch-tuesday-september-2026
cves,CVE-2026-69336,1,https://www.rapid7.com/blog/post/em-patch-tuesday-september-2026
cves,CVE-2026-69335,1,https://www.rapid7.com/blog/post/em-patch-tuesday-september-2026
cves,CVE-2026-69334,1,https://www.rapid7.com/blog/post/em-patch-tuesday-september-2026
cves,CVE-2026-69333,1,https://www.rapid7.com/blog/post/em-patch-tuesday-september-2026
cves,CVE-2026-69332,1,https://www.rapid7.com/blog/post/em-patch-tuesday-september-2026
cves,CVE-2026-69331,1,https://www.rapid7.com/blog/post/em-patch-tuesday-september-2026
cves,CVE-2026-69329,1,https://www.rapid7.com/blog/post/em-patch-tuesday-september-2026
cves,CVE-2026-69328,1,https://www.rapid7.com/blog/post/em-patch-tuesday-september-2026
cves,CVE-2026-69325,1,https://www.rapid7.com/blog/post/em-patch-tuesday-september-2026
cves,CVE-2026-69324,1,https://www.rapid7.com/blog/post/em-patch-tuesday-september-2026
cves,CVE-2026-69323,1,https://www.rapid7.com/blog/post/em-patch-tuesday-september-2026
cves,CVE-2026-69322,1,https://www.rapid7.com/blog/post/em-patch-tuesday-september-2026
cves,CVE-2026-69321,1,https://www.rapid7.com/blog/post/em-patch-tuesday-september-2026
cves,CVE-2026-69319,1,https://www.rapid7.com/blog/post/em-patch-tuesday-september-2026
cves,CVE-2026-69318,1,https://www.rapid7.com/blog/post/em-patch-tuesday-september-2026
cves,CVE-2026-69317,1,https://www.rapid7.com/blog/post/em-patch-tuesday-september-2026
cves,CVE-2026-69316,1,https://www.rapid7.com/blog/post/em-patch-tuesday-september-2026
cves,CVE-2026-69315,1,https://www.rapid7.com/blog/post/em-patch-tuesday-september-2026
cves,CVE-2026-69314,1,https://www.rapid7.com/blog/post/em-patch-tuesday-september-2026
cves,CVE-2026-69313,1,https://www.rapid7.com/blog/post/em-patch-tuesday-september-2026
cves,CVE-2026-69312,1,https://www.rapid7.com/blog/post/em-patch-tuesday-september-2026
cves,CVE-2026-69311,1,https://www.rapid7.com/blog/post/em-patch-tuesday-september-2026
cves,CVE-2026-69310,2,https://blog.talosintelligence.com/microsoft-patch-tuesday-for-september-2026/ | https://www.rapid7.com/blog/post/em-patch-tuesday-september-2026
cves,CVE-2026-69309,1,https://www.rapid7.com/blog/post/em-patch-tuesday-september-2026
cves,CVE-2026-69308,1,https://www.rapid7.com/blog/post/em-patch-tuesday-september-2026
cves,CVE-2026-69307,1,https://www.rapid7.com/blog/post/em-patch-tuesday-september-2026
cves,CVE-2026-69305,2,https://blog.talosintelligence.com/microsoft-patch-tuesday-for-september-2026/ | https://www.rapid7.com/blog/post/em-patch-tuesday-september-2026
cves,CVE-2026-69304,1,https://www.rapid7.com/blog/post/em-patch-tuesday-september-2026
cves,CVE-2026-69303,1,https://www.rapid7.com/blog/post/em-patch-tuesday-september-2026
cves,CVE-2026-69301,2,https://blog.talosintelligence.com/microsoft-patch-tuesday-for-september-2026/ | https://www.rapid7.com/blog/post/em-patch-tuesday-september-2026
cves,CVE-2026-69300,1,https://www.rapid7.com/blog/post/em-patch-tuesday-september-2026
cves,CVE-2026-69299,1,https://www.rapid7.com/blog/post/em-patch-tuesday-september-2026
cves,CVE-2026-69298,1,https://www.rapid7.com/blog/post/em-patch-tuesday-september-2026
cves,CVE-2026-69297,1,https://www.rapid7.com/blog/post/em-patch-tuesday-september-2026
cves,CVE-2026-69296,1,https://www.rapid7.com/blog/post/em-patch-tuesday-september-2026
cves,CVE-2026-69295,1,https://www.rapid7.com/blog/post/em-patch-tuesday-september-2026
cves,CVE-2026-69294,1,https://www.rapid7.com/blog/post/em-patch-tuesday-september-2026
cves,CVE-2026-69293,1,https://www.rapid7.com/blog/post/em-patch-tuesday-september-2026
cves,CVE-2026-69292,1,https://www.rapid7.com/blog/post/em-patch-tuesday-september-2026
cves,CVE-2026-69291,1,https://www.rapid7.com/blog/post/em-patch-tuesday-september-2026
cves,CVE-2026-69290,1,https://www.rapid7.com/blog/post/em-patch-tuesday-september-2026
cves,CVE-2026-69289,1,https://www.rapid7.com/blog/post/em-patch-tuesday-september-2026
cves,CVE-2026-69288,1,https://www.rapid7.com/blog/post/em-patch-tuesday-september-2026
cves,CVE-2026-69287,1,https://www.rapid7.com/blog/post/em-patch-tuesday-september-2026
cves,CVE-2026-69286,1,https://www.rapid7.com/blog/post/em-patch-tuesday-september-2026
cves,CVE-2026-69285,2,https://blog.talosintelligence.com/microsoft-patch-tuesday-for-september-2026/ | https://www.rapid7.com/blog/post/em-patch-tuesday-september-2026
cves,CVE-2026-69284,1,https://www.rapid7.com/blog/post/em-patch-tuesday-september-2026
cves,CVE-2026-69283,1,https://www.rapid7.com/blog/post/em-patch-tuesday-september-2026
cves,CVE-2026-69282,1,https://www.rapid7.com/blog/post/em-patch-tuesday-september-2026
cves,CVE-2026-69281,1,https://www.rapid7.com/blog/post/em-patch-tuesday-september-2026
cves,CVE-2026-69280,1,https://www.rapid7.com/blog/post/em-patch-tuesday-september-2026
cves,CVE-2026-69279,1,https://www.rapid7.com/blog/post/em-patch-tuesday-september-2026
cves,CVE-2026-69277,2,https://blog.talosintelligence.com/microsoft-patch-tuesday-for-september-2026/ | https://www.rapid7.com/blog/post/em-patch-tuesday-september-2026
cves,CVE-2026-69276,1,https://www.rapid7.com/blog/post/em-patch-tuesday-september-2026
cves,CVE-2026-69275,1,https://www.rapid7.com/blog/post/em-patch-tuesday-september-2026
cves,CVE-2026-69274,2,https://blog.talosintelligence.com/microsoft-patch-tuesday-for-september-2026/ | https://www.rapid7.com/blog/post/em-patch-tuesday-september-2026
cves,CVE-2026-69273,1,https://www.rapid7.com/blog/post/em-patch-tuesday-september-2026
cves,CVE-2026-69272,1,https://www.rapid7.com/blog/post/em-patch-tuesday-september-2026
cves,CVE-2026-69271,1,https://www.rapid7.com/blog/post/em-patch-tuesday-september-2026
cves,CVE-2026-69270,1,https://www.rapid7.com/blog/post/em-patch-tuesday-september-2026
cves,CVE-2026-69269,1,https://www.rapid7.com/blog/post/em-patch-tuesday-september-2026
cves,CVE-2026-69268,1,https://www.rapid7.com/blog/post/em-patch-tuesday-september-2026
cves,CVE-2026-69267,1,https://www.rapid7.com/blog/post/em-patch-tuesday-september-2026
cves,CVE-2026-69266,1,https://www.rapid7.com/blog/post/em-patch-tuesday-september-2026
cves,CVE-2026-69265,1,https://www.rapid7.com/blog/post/em-patch-tuesday-september-2026
cves,CVE-2026-68953,1,https://www.cisa.gov/news-events/ics-advisories/icsa-26-258-01
cves,CVE-2026-68950,1,https://www.cisa.gov/news-events/ics-advisories/icsa-26-258-01
cves,CVE-2026-68898,1,https://www.rapid7.com/blog/post/em-patch-tuesday-september-2026
cves,CVE-2026-68897,1,https://www.rapid7.com/blog/post/em-patch-tuesday-september-2026
cves,CVE-2026-68896,1,https://www.rapid7.com/blog/post/em-patch-tuesday-september-2026
cves,CVE-2026-68895,1,https://www.rapid7.com/blog/post/em-patch-tuesday-september-2026
cves,CVE-2026-68894,1,https://www.rapid7.com/blog/post/em-patch-tuesday-september-2026
cves,CVE-2026-68893,1,https://www.rapid7.com/blog/post/em-patch-tuesday-september-2026
cves,CVE-2026-68892,1,https://www.rapid7.com/blog/post/em-patch-tuesday-september-2026
cves,CVE-2026-68891,1,https://www.rapid7.com/blog/post/em-patch-tuesday-september-2026
cves,CVE-2026-68890,1,https://www.rapid7.com/blog/post/em-patch-tuesday-september-2026
cves,CVE-2026-68889,1,https://www.rapid7.com/blog/post/em-patch-tuesday-september-2026
cves,CVE-2026-68888,1,https://www.rapid7.com/blog/post/em-patch-tuesday-september-2026
cves,CVE-2026-68887,1,https://www.rapid7.com/blog/post/em-patch-tuesday-september-2026
cves,CVE-2026-68886,1,https://www.rapid7.com/blog/post/em-patch-tuesday-september-2026
cves,CVE-2026-68885,1,https://www.rapid7.com/blog/post/em-patch-tuesday-september-2026
cves,CVE-2026-68884,2,https://blog.talosintelligence.com/microsoft-patch-tuesday-for-september-2026/ | https://www.rapid7.com/blog/post/em-patch-tuesday-september-2026
cves,CVE-2026-68881,1,https://www.rapid7.com/blog/post/em-patch-tuesday-september-2026
cves,CVE-2026-68880,2,https://blog.talosintelligence.com/microsoft-patch-tuesday-for-september-2026/ | https://www.rapid7.com/blog/post/em-patch-tuesday-september-2026
cves,CVE-2026-68878,1,https://www.rapid7.com/blog/post/em-patch-tuesday-september-2026
cves,CVE-2026-68877,1,https://www.rapid7.com/blog/post/em-patch-tuesday-september-2026
cves,CVE-2026-68876,2,https://blog.talosintelligence.com/microsoft-patch-tuesday-for-september-2026/ | https://www.rapid7.com/blog/post/em-patch-tuesday-september-2026
cves,CVE-2026-68875,1,https://www.rapid7.com/blog/post/em-patch-tuesday-september-2026
cves,CVE-2026-68874,1,https://www.rapid7.com/blog/post/em-patch-tuesday-september-2026
cves,CVE-2026-68873,1,https://www.rapid7.com/blog/post/em-patch-tuesday-september-2026
cves,CVE-2026-68852,1,https://www.rapid7.com/blog/post/em-patch-tuesday-september-2026
cves,CVE-2026-68851,1,https://www.rapid7.com/blog/post/em-patch-tuesday-september-2026
cves,CVE-2026-68850,1,https://www.rapid7.com/blog/post/em-patch-tuesday-september-2026
cves,CVE-2026-68849,1,https://www.rapid7.com/blog/post/em-patch-tuesday-september-2026
cves,CVE-2026-68848,1,https://www.rapid7.com/blog/post/em-patch-tuesday-september-2026
cves,CVE-2026-68847,1,https://www.rapid7.com/blog/post/em-patch-tuesday-september-2026
cves,CVE-2026-68846,2,https://blog.talosintelligence.com/microsoft-patch-tuesday-for-september-2026/ | https://www.rapid7.com/blog/post/em-patch-tuesday-september-2026
cves,CVE-2026-68845,1,https://www.rapid7.com/blog/post/em-patch-tuesday-september-2026
cves,CVE-2026-68844,1,https://www.rapid7.com/blog/post/em-patch-tuesday-september-2026
cves,CVE-2026-68843,1,https://www.rapid7.com/blog/post/em-patch-tuesday-september-2026
cves,CVE-2026-68842,1,https://www.rapid7.com/blog/post/em-patch-tuesday-september-2026
cves,CVE-2026-68841,1,https://www.rapid7.com/blog/post/em-patch-tuesday-september-2026
cves,CVE-2026-68840,1,https://www.rapid7.com/blog/post/em-patch-tuesday-september-2026
cves,CVE-2026-68839,1,https://www.rapid7.com/blog/post/em-patch-tuesday-september-2026
cves,CVE-2026-68838,1,https://www.rapid7.com/blog/post/em-patch-tuesday-september-2026
cves,CVE-2026-68837,1,https://www.rapid7.com/blog/post/em-patch-tuesday-september-2026
cves,CVE-2026-68835,1,https://www.rapid7.com/blog/post/em-patch-tuesday-september-2026
cves,CVE-2026-68834,1,https://www.rapid7.com/blog/post/em-patch-tuesday-september-2026
cves,CVE-2026-68833,1,https://www.rapid7.com/blog/post/em-patch-tuesday-september-2026
cves,CVE-2026-68832,1,https://www.rapid7.com/blog/post/em-patch-tuesday-september-2026
cves,CVE-2026-68831,1,https://www.rapid7.com/blog/post/em-patch-tuesday-september-2026
cves,CVE-2026-68830,1,https://www.rapid7.com/blog/post/em-patch-tuesday-september-2026
cves,CVE-2026-68828,1,https://www.rapid7.com/blog/post/em-patch-tuesday-september-2026
cves,CVE-2026-68827,1,https://www.rapid7.com/blog/post/em-patch-tuesday-september-2026
cves,CVE-2026-68825,1,https://www.rapid7.com/blog/post/em-patch-tuesday-september-2026
cves,CVE-2026-68824,1,https://www.rapid7.com/blog/post/em-patch-tuesday-september-2026
cves,CVE-2026-68787,1,https://www.rapid7.com/blog/post/em-patch-tuesday-september-2026
cves,CVE-2026-68786,1,https://www.rapid7.com/blog/post/em-patch-tuesday-september-2026
cves,CVE-2026-68785,1,https://www.rapid7.com/blog/post/em-patch-tuesday-september-2026
cves,CVE-2026-68784,1,https://www.rapid7.com/blog/post/em-patch-tuesday-september-2026
cves,CVE-2026-68781,1,https://www.rapid7.com/blog/post/em-patch-tuesday-september-2026
cves,CVE-2026-68780,1,https://www.rapid7.com/blog/post/em-patch-tuesday-september-2026
cves,CVE-2026-68779,1,https://www.rapid7.com/blog/post/em-patch-tuesday-september-2026
cves,CVE-2026-68778,1,https://www.rapid7.com/blog/post/em-patch-tuesday-september-2026
cves,CVE-2026-68777,1,https://www.rapid7.com/blog/post/em-patch-tuesday-september-2026
cves,CVE-2026-68776,1,https://www.rapid7.com/blog/post/em-patch-tuesday-september-2026
cves,CVE-2026-68775,1,https://www.rapid7.com/blog/post/em-patch-tuesday-september-2026
cves,CVE-2026-68070,1,https://www.cisa.gov/news-events/ics-advisories/icsa-26-258-01
cves,CVE-2026-67648,1,https://www.rapid7.com/blog/post/em-patch-tuesday-september-2026
cves,CVE-2026-67645,1,https://www.rapid7.com/blog/post/em-patch-tuesday-september-2026
cves,CVE-2026-67643,2,https://blog.talosintelligence.com/microsoft-patch-tuesday-for-september-2026/ | https://www.rapid7.com/blog/post/em-patch-tuesday-september-2026
cves,CVE-2026-67642,1,https://www.rapid7.com/blog/post/em-patch-tuesday-september-2026
cves,CVE-2026-67641,1,https://www.rapid7.com/blog/post/em-patch-tuesday-september-2026
cves,CVE-2026-67639,1,https://www.rapid7.com/blog/post/em-patch-tuesday-september-2026
cves,CVE-2026-67638,1,https://www.rapid7.com/blog/post/em-patch-tuesday-september-2026
cves,CVE-2026-67636,2,https://blog.talosintelligence.com/microsoft-patch-tuesday-for-september-2026/ | https://www.rapid7.com/blog/post/em-patch-tuesday-september-2026
cves,CVE-2026-67633,1,https://www.rapid7.com/blog/post/em-patch-tuesday-september-2026
cves,CVE-2026-67631,2,https://blog.talosintelligence.com/microsoft-patch-tuesday-for-september-2026/ | https://www.rapid7.com/blog/post/em-patch-tuesday-september-2026
cves,CVE-2026-67630,1,https://www.rapid7.com/blog/post/em-patch-tuesday-september-2026
cves,CVE-2026-67629,1,https://www.rapid7.com/blog/post/em-patch-tuesday-september-2026
cves,CVE-2026-67624,1,https://www.rapid7.com/blog/post/em-patch-tuesday-september-2026
cves,CVE-2026-67393,1,https://www.rapid7.com/blog/post/em-patch-tuesday-september-2026
cves,CVE-2026-67390,1,https://www.rapid7.com/blog/post/em-patch-tuesday-september-2026
cves,CVE-2026-67389,1,https://www.rapid7.com/blog/post/em-patch-tuesday-september-2026
cves,CVE-2026-67388,1,https://www.rapid7.com/blog/post/em-patch-tuesday-september-2026
cves,CVE-2026-67386,1,https://www.rapid7.com/blog/post/em-patch-tuesday-september-2026
cves,CVE-2026-67385,1,https://www.rapid7.com/blog/post/em-patch-tuesday-september-2026
cves,CVE-2026-67384,1,https://www.rapid7.com/blog/post/em-patch-tuesday-september-2026
cves,CVE-2026-67383,1,https://www.rapid7.com/blog/post/em-patch-tuesday-september-2026
cves,CVE-2026-67381,1,https://www.rapid7.com/blog/post/em-patch-tuesday-september-2026
cves,CVE-2026-67380,1,https://www.rapid7.com/blog/post/em-patch-tuesday-september-2026
cves,CVE-2026-67379,1,https://www.rapid7.com/blog/post/em-patch-tuesday-september-2026
cves,CVE-2026-67378,2,https://blog.talosintelligence.com/microsoft-patch-tuesday-for-september-2026/ | https://www.rapid7.com/blog/post/em-patch-tuesday-september-2026
cves,CVE-2026-67376,1,https://www.rapid7.com/blog/post/em-patch-tuesday-september-2026
cves,CVE-2026-67373,1,https://www.rapid7.com/blog/post/em-patch-tuesday-september-2026
cves,CVE-2026-67370,1,https://www.rapid7.com/blog/post/em-patch-tuesday-september-2026
cves,CVE-2026-67369,1,https://www.rapid7.com/blog/post/em-patch-tuesday-september-2026
cves,CVE-2026-67368,1,https://www.rapid7.com/blog/post/em-patch-tuesday-september-2026
cves,CVE-2026-66890,1,https://www.cisa.gov/news-events/ics-advisories/icsa-26-258-01
cves,CVE-2026-66887,1,https://www.cisa.gov/news-events/ics-advisories/icsa-26-258-01
cves,CVE-2026-66820,1,https://www.rapid7.com/blog/post/em-patch-tuesday-september-2026
cves,CVE-2026-66819,1,https://www.rapid7.com/blog/post/em-patch-tuesday-september-2026
cves,CVE-2026-66818,1,https://www.rapid7.com/blog/post/em-patch-tuesday-september-2026
cves,CVE-2026-66816,1,https://www.rapid7.com/blog/post/em-patch-tuesday-september-2026
cves,CVE-2026-66814,1,https://www.rapid7.com/blog/post/em-patch-tuesday-september-2026
cves,CVE-2026-66372,1,https://www.cisa.gov/news-events/ics-advisories/icsa-26-258-01
cves,CVE-2026-66308,1,https://www.rapid7.com/blog/post/em-patch-tuesday-september-2026
cves,CVE-2026-66307,1,https://www.rapid7.com/blog/post/em-patch-tuesday-september-2026
cves,CVE-2026-66306,1,https://www.rapid7.com/blog/post/em-patch-tuesday-september-2026
cves,CVE-2026-66305,1,https://www.rapid7.com/blog/post/em-patch-tuesday-september-2026
cves,CVE-2026-66304,1,https://www.rapid7.com/blog/post/em-patch-tuesday-september-2026
cves,CVE-2026-66303,1,https://www.rapid7.com/blog/post/em-patch-tuesday-september-2026
cves,CVE-2026-66302,3,https://blog.talosintelligence.com/microsoft-patch-tuesday-for-september-2026/ | https://isc.sans.edu/diary/rss/33320 | https://www.rapid7.com/blog/post/em-patch-tuesday-september-2026
cves,CVE-2026-65818,2,https://blog.talosintelligence.com/microsoft-patch-tuesday-for-september-2026/ | https://www.rapid7.com/blog/post/em-patch-tuesday-september-2026
cves,CVE-2026-65812,1,https://www.rapid7.com/blog/post/em-patch-tuesday-september-2026
cves,CVE-2026-65772,2,https://blog.talosintelligence.com/microsoft-patch-tuesday-for-september-2026/ | https://www.rapid7.com/blog/post/em-patch-tuesday-september-2026
cves,CVE-2026-65669,2,https://blog.talosintelligence.com/microsoft-patch-tuesday-for-september-2026/ | https://www.rapid7.com/blog/post/em-patch-tuesday-september-2026
cves,CVE-2026-65415,1,https://isc.sans.edu/diary/rss/33336
cves,CVE-2026-65413,1,https://isc.sans.edu/diary/rss/33336
cves,CVE-2026-65412,1,https://isc.sans.edu/diary/rss/33336
cves,CVE-2026-65411,1,https://isc.sans.edu/diary/rss/33336
cves,CVE-2026-65410,1,https://isc.sans.edu/diary/rss/33336
cves,CVE-2026-65409,1,https://isc.sans.edu/diary/rss/33336
cves,CVE-2026-65408,1,https://isc.sans.edu/diary/rss/33336
cves,CVE-2026-65407,1,https://isc.sans.edu/diary/rss/33336
cves,CVE-2026-65406,1,https://isc.sans.edu/diary/rss/33336
cves,CVE-2026-65405,1,https://isc.sans.edu/diary/rss/33336
cves,CVE-2026-65404,1,https://isc.sans.edu/diary/rss/33336
cves,CVE-2026-65403,1,https://isc.sans.edu/diary/rss/33336
cves,CVE-2026-65402,1,https://isc.sans.edu/diary/rss/33336
cves,CVE-2026-65401,1,https://isc.sans.edu/diary/rss/33336
cves,CVE-2026-65400,1,https://isc.sans.edu/diary/rss/33336
cves,CVE-2026-65399,1,https://isc.sans.edu/diary/rss/33336
cves,CVE-2026-65398,1,https://isc.sans.edu/diary/rss/33336
cves,CVE-2026-65395,1,https://isc.sans.edu/diary/rss/33336
cves,CVE-2026-65393,1,https://isc.sans.edu/diary/rss/33336
cves,CVE-2026-65391,1,https://isc.sans.edu/diary/rss/33336
cves,CVE-2026-65390,1,https://isc.sans.edu/diary/rss/33336
cves,CVE-2026-65383,1,https://isc.sans.edu/diary/rss/33336
cves,CVE-2026-65382,1,https://isc.sans.edu/diary/rss/33336
cves,CVE-2026-65381,1,https://isc.sans.edu/diary/rss/33336
cves,CVE-2026-65380,1,https://isc.sans.edu/diary/rss/33336
cves,CVE-2026-65378,1,https://isc.sans.edu/diary/rss/33336
cves,CVE-2026-65377,1,https://isc.sans.edu/diary/rss/33336
cves,CVE-2026-65376,1,https://isc.sans.edu/diary/rss/33336
cves,CVE-2026-65375,1,https://isc.sans.edu/diary/rss/33336
cves,CVE-2026-65374,1,https://isc.sans.edu/diary/rss/33336
cves,CVE-2026-65371,1,https://isc.sans.edu/diary/rss/33336
cves,CVE-2026-65369,1,https://isc.sans.edu/diary/rss/33336
cves,CVE-2026-65365,1,https://isc.sans.edu/diary/rss/33336
cves,CVE-2026-65364,1,https://isc.sans.edu/diary/rss/33336
cves,CVE-2026-65362,1,https://isc.sans.edu/diary/rss/33336
cves,CVE-2026-65361,1,https://isc.sans.edu/diary/rss/33336
cves,CVE-2026-65360,1,https://isc.sans.edu/diary/rss/33336
cves,CVE-2026-65359,1,https://isc.sans.edu/diary/rss/33336
cves,CVE-2026-65358,1,https://isc.sans.edu/diary/rss/33336
cves,CVE-2026-65354,1,https://isc.sans.edu/diary/rss/33336
cves,CVE-2026-65349,1,https://isc.sans.edu/diary/rss/33336
cves,CVE-2026-65348,1,https://isc.sans.edu/diary/rss/33336
cves,CVE-2026-65347,1,https://isc.sans.edu/diary/rss/33336
cves,CVE-2026-65346,1,https://isc.sans.edu/diary/rss/33336
cves,CVE-2026-65345,1,https://isc.sans.edu/diary/rss/33336
cves,CVE-2026-65344,1,https://isc.sans.edu/diary/rss/33336
cves,CVE-2026-65343,1,https://isc.sans.edu/diary/rss/33336
cves,CVE-2026-65342,1,https://isc.sans.edu/diary/rss/33336
cves,CVE-2026-65341,1,https://isc.sans.edu/diary/rss/33336
cves,CVE-2026-65339,1,https://isc.sans.edu/diary/rss/33336
cves,CVE-2026-65338,1,https://isc.sans.edu/diary/rss/33336
cves,CVE-2026-65334,1,https://isc.sans.edu/diary/rss/33336
cves,CVE-2026-65331,1,https://isc.sans.edu/diary/rss/33336
cves,CVE-2026-65329,1,https://isc.sans.edu/diary/rss/33336
cves,CVE-2026-64918,1,https://www.rapid7.com/blog/post/em-patch-tuesday-september-2026
cves,CVE-2026-64790,1,https://isc.sans.edu/diary/rss/33336
cves,CVE-2026-64788,1,https://isc.sans.edu/diary/rss/33336
cves,CVE-2026-64787,1,https://isc.sans.edu/diary/rss/33336
cves,CVE-2026-64784,1,https://isc.sans.edu/diary/rss/33336
cves,CVE-2026-64782,1,https://isc.sans.edu/diary/rss/33336
cves,CVE-2026-64781,1,https://isc.sans.edu/diary/rss/33336
cves,CVE-2026-64780,1,https://isc.sans.edu/diary/rss/33336
cves,CVE-2026-64779,1,https://isc.sans.edu/diary/rss/33336
cves,CVE-2026-64778,1,https://isc.sans.edu/diary/rss/33336
cves,CVE-2026-64761,1,https://isc.sans.edu/diary/rss/33336
cves,CVE-2026-64760,1,https://isc.sans.edu/diary/rss/33336
cves,CVE-2026-64758,1,https://isc.sans.edu/diary/rss/33336
cves,CVE-2026-64756,1,https://isc.sans.edu/diary/rss/33336
cves,CVE-2026-64753,1,https://isc.sans.edu/diary/rss/33336
cves,CVE-2026-64752,1,https://isc.sans.edu/diary/rss/33336
cves,CVE-2026-64736,1,https://isc.sans.edu/diary/rss/33336
cves,CVE-2026-64718,1,https://isc.sans.edu/diary/rss/33336
cves,CVE-2026-64715,1,https://isc.sans.edu/diary/rss/33336
cves,CVE-2026-64714,1,https://isc.sans.edu/diary/rss/33336
cves,CVE-2026-64712,1,https://isc.sans.edu/diary/rss/33336
cves,CVE-2026-63523,1,https://www.rapid7.com/blog/post/em-patch-tuesday-september-2026
cves,CVE-2026-63077,1,https://www.rapid7.com/blog/post/pt-metasploit-wrap-up-goes-to-sixteen
cves,CVE-2026-62916,2,https://blog.talosintelligence.com/microsoft-patch-tuesday-for-september-2026/ | https://www.rapid7.com/blog/post/em-patch-tuesday-september-2026
cves,CVE-2026-62906,2,https://blog.talosintelligence.com/microsoft-patch-tuesday-for-september-2026/ | https://www.rapid7.com/blog/post/em-patch-tuesday-september-2026
cves,CVE-2026-62895,1,https://www.rapid7.com/blog/post/em-patch-tuesday-september-2026
cves,CVE-2026-62813,1,https://www.rapid7.com/blog/post/em-patch-tuesday-september-2026
cves,CVE-2026-62810,1,https://www.rapid7.com/blog/post/em-patch-tuesday-september-2026
cves,CVE-2026-62804,1,https://www.rapid7.com/blog/post/em-patch-tuesday-september-2026
cves,CVE-2026-62801,1,https://www.rapid7.com/blog/post/em-patch-tuesday-september-2026
cves,CVE-2026-62762,1,https://www.rapid7.com/blog/post/em-patch-tuesday-september-2026
cves,CVE-2026-62759,1,https://www.rapid7.com/blog/post/em-patch-tuesday-september-2026
cves,CVE-2026-62744,1,https://www.rapid7.com/blog/post/em-patch-tuesday-september-2026
cves,CVE-2026-62706,1,https://www.rapid7.com/blog/post/em-patch-tuesday-september-2026
cves,CVE-2026-62697,1,https://www.rapid7.com/blog/post/em-patch-tuesday-september-2026
cves,CVE-2026-62694,1,https://www.rapid7.com/blog/post/em-patch-tuesday-september-2026
cves,CVE-2026-62654,1,https://www.cisa.gov/news-events/ics-advisories/icsa-26-258-05
cves,CVE-2026-62653,1,https://www.cisa.gov/news-events/ics-advisories/icsa-26-258-05
cves,CVE-2026-62652,1,https://www.cisa.gov/news-events/ics-advisories/icsa-26-258-05
cves,CVE-2026-62650,1,https://www.cisa.gov/news-events/ics-advisories/icsa-26-258-05
cves,CVE-2026-62649,1,https://www.cisa.gov/news-events/ics-advisories/icsa-26-258-05
cves,CVE-2026-62648,1,https://www.cisa.gov/news-events/ics-advisories/icsa-26-258-05
cves,CVE-2026-62647,1,https://www.cisa.gov/news-events/ics-advisories/icsa-26-258-05
cves,CVE-2026-62646,1,https://www.cisa.gov/news-events/ics-advisories/icsa-26-258-05
cves,CVE-2026-62645,1,https://www.cisa.gov/news-events/ics-advisories/icsa-26-258-05
cves,CVE-2026-58649,1,https://www.rapid7.com/blog/post/em-patch-tuesday-september-2026
cves,CVE-2026-58611,1,https://www.rapid7.com/blog/post/em-patch-tuesday-september-2026
cves,CVE-2026-58600,1,https://www.rapid7.com/blog/post/em-patch-tuesday-september-2026
cves,CVE-2026-58599,2,https://blog.talosintelligence.com/microsoft-patch-tuesday-for-september-2026/ | https://www.rapid7.com/blog/post/em-patch-tuesday-september-2026
cves,CVE-2026-58113,1,https://www.cisa.gov/news-events/ics-advisories/icsa-26-258-07
cves,CVE-2026-57099,1,https://www.rapid7.com/blog/post/em-patch-tuesday-september-2026
cves,CVE-2026-57098,1,https://www.rapid7.com/blog/post/em-patch-tuesday-september-2026
cves,CVE-2026-56198,1,https://www.rapid7.com/blog/post/em-patch-tuesday-september-2026
cves,CVE-2026-56177,1,https://www.rapid7.com/blog/post/em-patch-tuesday-september-2026
cves,CVE-2026-56172,1,https://www.rapid7.com/blog/post/em-patch-tuesday-september-2026
cves,CVE-2026-55007,1,https://www.rapid7.com/blog/post/em-patch-tuesday-september-2026
cves,CVE-2026-50349,1,https://www.rapid7.com/blog/post/em-patch-tuesday-september-2026
cves,CVE-2026-48558,1,https://www.rapid7.com/blog/post/pt-metasploit-wrap-up-goes-to-sixteen
cves,CVE-2026-47297,1,https://www.rapid7.com/blog/post/em-patch-tuesday-september-2026
cves,CVE-2026-43794,1,https://isc.sans.edu/diary/rss/33336
cves,CVE-2026-43791,1,https://isc.sans.edu/diary/rss/33336
cves,CVE-2026-43790,1,https://isc.sans.edu/diary/rss/33336
cves,CVE-2026-43789,1,https://isc.sans.edu/diary/rss/33336
cves,CVE-2026-43788,1,https://isc.sans.edu/diary/rss/33336
cves,CVE-2026-43787,1,https://isc.sans.edu/diary/rss/33336
cves,CVE-2026-43786,1,https://isc.sans.edu/diary/rss/33336
cves,CVE-2026-43785,1,https://isc.sans.edu/diary/rss/33336
cves,CVE-2026-43763,1,https://isc.sans.edu/diary/rss/33336
cves,CVE-2026-43760,1,https://isc.sans.edu/diary/rss/33336
cves,CVE-2026-43743,1,https://isc.sans.edu/diary/rss/33336
cves,CVE-2026-43741,1,https://isc.sans.edu/diary/rss/33336
cves,CVE-2026-43738,1,https://isc.sans.edu/diary/rss/33336
cves,CVE-2026-43737,1,https://isc.sans.edu/diary/rss/33336
cves,CVE-2026-43719,1,https://isc.sans.edu/diary/rss/33336
cves,CVE-2026-43715,1,https://isc.sans.edu/diary/rss/33336
cves,CVE-2026-43702,1,https://isc.sans.edu/diary/rss/33336
cves,CVE-2026-43698,1,https://isc.sans.edu/diary/rss/33336
cves,CVE-2026-43697,1,https://isc.sans.edu/diary/rss/33336
cves,CVE-2026-43696,1,https://isc.sans.edu/diary/rss/33336
cves,CVE-2026-43695,1,https://isc.sans.edu/diary/rss/33336
cves,CVE-2026-43692,1,https://isc.sans.edu/diary/rss/33336
cves,CVE-2026-43691,1,https://isc.sans.edu/diary/rss/33336
cves,CVE-2026-43690,1,https://isc.sans.edu/diary/rss/33336
cves,CVE-2026-43689,1,https://isc.sans.edu/diary/rss/33336
cves,CVE-2026-43688,1,https://isc.sans.edu/diary/rss/33336
cves,CVE-2026-43687,1,https://isc.sans.edu/diary/rss/33336
cves,CVE-2026-43686,1,https://isc.sans.edu/diary/rss/33336
cves,CVE-2026-43684,1,https://isc.sans.edu/diary/rss/33336
cves,CVE-2026-43683,1,https://isc.sans.edu/diary/rss/33336
cves,CVE-2026-43677,1,https://isc.sans.edu/diary/rss/33336
cves,CVE-2026-43674,1,https://isc.sans.edu/diary/rss/33336
cves,CVE-2026-43664,1,https://isc.sans.edu/diary/rss/33336
cves,CVE-2026-43661,1,https://isc.sans.edu/diary/rss/33336
cves,CVE-2026-42018,1,https://www.cisa.gov/news-events/alerts/2026/09/11/cisa-adds-three-known-exploited-vulnerabilities-catalog
cves,CVE-2026-42016,1,https://www.cisa.gov/news-events/alerts/2026/09/11/cisa-adds-three-known-exploited-vulnerabilities-catalog
cves,CVE-2026-34979,1,https://isc.sans.edu/diary/rss/33336
cves,CVE-2026-34182,1,https://www.rapid7.com/blog/post/em-patch-tuesday-september-2026
cves,CVE-2026-28969,1,https://isc.sans.edu/diary/rss/33336
cves,CVE-2026-28968,1,https://isc.sans.edu/diary/rss/33336
cves,CVE-2026-28966,1,https://isc.sans.edu/diary/rss/33336
cves,CVE-2026-28937,1,https://isc.sans.edu/diary/rss/33336
cves,CVE-2026-28935,1,https://isc.sans.edu/diary/rss/33336
cves,CVE-2026-28934,1,https://isc.sans.edu/diary/rss/33336
cves,CVE-2026-28930,1,https://isc.sans.edu/diary/rss/33336
cves,CVE-2026-28899,1,https://isc.sans.edu/diary/rss/33336
cves,CVE-2026-23744,1,https://www.rapid7.com/blog/post/pt-metasploit-wrap-up-goes-to-sixteen
cves,CVE-2026-20929,1,https://www.rapid7.com/blog/post/pt-metasploit-wrap-up-goes-to-sixteen
cves,CVE-2026-20683,1,https://isc.sans.edu/diary/rss/33336
cves,CVE-2026-20316,2,https://blog.talosintelligence.com/fmc-ongoing-exploitation/ | https://blog.talosintelligence.com/weve-got-one-word-for-it-and-its-usually-the-wrong-one/
cves,CVE-2026-20079,5,https://blog.talosintelligence.com/fmc-ongoing-exploitation/ | https://blog.talosintelligence.com/weve-got-one-word-for-it-and-its-usually-the-wrong-one/ | https://thehackernews.com/2026/09/cisco-fmc-flaws-exploited-to-steal.html | https://www.cisa.gov/news-events/alerts/2026/09/09/cisa-adds-four-known-exploited-vulnerabilities-catalog | https://www.rapid7.com/blog/post/pt-metasploit-wrap-up-goes-to-sixteen
cves,CVE-2026-19931,1,https://www.rapid7.com/blog/post/em-patch-tuesday-september-2026
cves,CVE-2026-19490,1,https://www.cisa.gov/news-events/alerts/2026/09/09/cisa-adds-four-known-exploited-vulnerabilities-catalog
cves,CVE-2026-19472,1,https://www.cisa.gov/news-events/ics-advisories/icsa-26-246-04
cves,CVE-2026-19471,1,https://www.cisa.gov/news-events/ics-advisories/icsa-26-246-04
cves,CVE-2026-19295,1,https://www.rapid7.com/blog/post/pt-metasploit-wrap-up-goes-to-sixteen
cves,CVE-2026-18924,1,https://www.rapid7.com/blog/post/em-patch-tuesday-september-2026
cves,CVE-2026-18577,1,https://www.rapid7.com/blog/post/ve-cve-2026-86206-cve-2026-86207-n-able-n-central-authentication-bypass-fixed
cves,CVE-2026-13608,1,https://www.rapid7.com/blog/post/em-patch-tuesday-september-2026
cves,CVE-2026-12663,1,https://www.cisa.gov/news-events/ics-advisories/icsa-26-246-03
cves,CVE-2025-70873,1,https://www.rapid7.com/blog/post/em-patch-tuesday-september-2026
cves,CVE-2025-66516,1,https://www.rapid7.com/blog/post/pt-metasploit-wrap-up-goes-to-sixteen
cves,CVE-2025-54988,1,https://www.rapid7.com/blog/post/pt-metasploit-wrap-up-goes-to-sixteen
cves,CVE-2025-25249,1,https://www.cisa.gov/news-events/alerts/2026/09/09/cisa-adds-four-known-exploited-vulnerabilities-catalog
cves,CVE-2025-10478,1,https://www.cisa.gov/news-events/ics-advisories/icsa-26-246-05
cves,CVE-2024-42392,1,https://www.cisa.gov/news-events/ics-advisories/icsa-26-258-05
cves,CVE-2024-42391,1,https://www.cisa.gov/news-events/ics-advisories/icsa-26-258-05
cves,CVE-2024-42386,1,https://www.cisa.gov/news-events/ics-advisories/icsa-26-258-05
cves,CVE-2024-42385,1,https://www.cisa.gov/news-events/ics-advisories/icsa-26-258-05
cves,CVE-2024-42384,1,https://www.cisa.gov/news-events/ics-advisories/icsa-26-258-05
cves,CVE-2024-4956,1,https://www.reddit.com/r/blueteamsec/comments/1w6cs6s/chinesespeaking_operator_uses_ai_agents_to_target/
cves,CVE-2022-22965,1,https://www.reddit.com/r/blueteamsec/comments/1w6cs6s/chinesespeaking_operator_uses_ai_agents_to_target/
cves,CVE-2022-3437,1,https://isc.sans.edu/diary/rss/33336
cves,CVE-2021-44228,1,https://www.reddit.com/r/blueteamsec/comments/1w6cs6s/chinesespeaking_operator_uses_ai_agents_to_target/
cves,CVE-2021-43798,1,https://www.reddit.com/r/blueteamsec/comments/1w6cs6s/chinesespeaking_operator_uses_ai_agents_to_target/
cves,CVE-2021-29441,1,https://www.reddit.com/r/blueteamsec/comments/1w6cs6s/chinesespeaking_operator_uses_ai_agents_to_target/
cves,CVE-2020-1938,1,https://www.reddit.com/r/blueteamsec/comments/1w6cs6s/chinesespeaking_operator_uses_ai_agents_to_target/
cves,CVE-2016-4437,1,https://www.reddit.com/r/blueteamsec/comments/1w6cs6s/chinesespeaking_operator_uses_ai_agents_to_target/
cves,CVE-2014-6271,1,https://www.reddit.com/r/blueteamsec/comments/1w6cs6s/chinesespeaking_operator_uses_ai_agents_to_target/
ips,1.0.0.1,1,https://isc.sans.edu/diary/rss/33326
ips,1.1.1.1,1,https://isc.sans.edu/diary/rss/33326
ips,8.8.4.4,1,https://isc.sans.edu/diary/rss/33326
ips,8.8.8.8,1,https://isc.sans.edu/diary/rss/33326
ips,9.9.9.9,1,https://isc.sans.edu/diary/rss/33326
ips,9.9.9.10,1,https://isc.sans.edu/diary/rss/33326
ips,10.66.66.2,1,https://isc.sans.edu/diary/rss/33326
ips,10.66.66.10,1,https://isc.sans.edu/diary/rss/33326
ips,43.204.2.142,1,https://blog.talosintelligence.com/fmc-ongoing-exploitation/
ips,45.150.34.2,1,https://blog.talosintelligence.com/clearfake-webdav-infection-chain/
ips,80.152.203.134,1,https://isc.sans.edu/diary/rss/33326
ips,89.34.96.56,1,https://blog.talosintelligence.com/fmc-ongoing-exploitation/
ips,91.214.78.118,1,https://blog.talosintelligence.com/fmc-ongoing-exploitation/
ips,104.218.165.253,1,https://blog.talosintelligence.com/fmc-ongoing-exploitation/
ips,109.91.184.21,1,https://isc.sans.edu/diary/rss/33326
ips,127.0.0.1,1,https://www.rapid7.com/blog/post/ve-cve-2026-86206-cve-2026-86207-n-able-n-central-authentication-bypass-fixed
ips,145.249.109.147,1,https://blog.talosintelligence.com/clearfake-webdav-infection-chain/
ips,173.236.20.0,1,https://www.microsoft.com/en-us/security/blog/2026/09/03/ascii-smuggling-crosses-over-from-ai-prompt-injection-to-phishing-evasion/
ips,208.123.119.215,1,https://blog.talosintelligence.com/fmc-ongoing-exploitation/
ips,212.118.56.166,1,https://blog.talosintelligence.com/clearfake-webdav-infection-chain/
domains,2026-006.pdf,1,https://www.cisa.gov/news-events/ics-advisories/icsa-26-253-01
domains,4.2.tfw,1,https://www.cisa.gov/news-events/ics-advisories/icsa-26-246-08
domains,4.2t.hex,1,https://www.cisa.gov/news-events/ics-advisories/icsa-26-246-08
domains,95.sbx.tg,1,https://blog.talosintelligence.com/the-story-behind-the-intelligence/
domains,acemlnd.com,1,https://www.microsoft.com/en-us/security/blog/2026/09/03/ascii-smuggling-crosses-over-from-ai-prompt-injection-to-phishing-evasion/
domains,activehosted.com,1,https://www.microsoft.com/en-us/security/blog/2026/09/03/ascii-smuggling-crosses-over-from-ai-prompt-injection-to-phishing-evasion/
domains,add-passkey.com,1,https://www.microsoft.com/en-us/security/blog/2026/09/09/passkey-themed-social-engineering-leads-identity-cloud-compromise/
domains,addr.trim,1,https://www.rapid7.com/blog/post/ve-cve-2026-86206-cve-2026-86207-n-able-n-central-authentication-bypass-fixed
domains,adv-2026-08-05.pdf,1,https://www.cisa.gov/news-events/ics-advisories/icsa-26-246-02
domains,advancefundingboost.com,1,https://www.microsoft.com/en-us/security/blog/2026/09/03/ascii-smuggling-crosses-over-from-ai-prompt-injection-to-phishing-evasion/
domains,agents.md,1,https://isc.sans.edu/diary/rss/33332
domains,args.length,1,https://blog.talosintelligence.com/fmc-ongoing-exploitation/
domains,askwoody.com,1,https://krebsonsecurity.com/2026/09/microsoft-plugs-nearly-1000-security-holes/
domains,asp.net,2,https://isc.sans.edu/diary/rss/33320 | https://www.rapid7.com/blog/post/em-patch-tuesday-september-2026
domains,assembly.load,1,https://www.reddit.com/r/blueteamsec/comments/1w6cs6s/chinesespeaking_operator_uses_ai_agents_to_target/
domains,audit.log,1,https://www.rapid7.com/blog/post/tr-dprk-apts-ted-backdoor-curlrat-target-south-korean-media-automotive-sectors
domains,auth.log,1,https://www.rapid7.com/blog/post/tr-dprk-apts-ted-backdoor-curlrat-target-south-korean-media-automotive-sectors
domains,batch.py,1,https://isc.sans.edu/diary/rss/33306
domains,bsc-testnet-rpc.publicnode.com,1,https://blog.talosintelligence.com/clearfake-webdav-infection-chain/
domains,bsc.rpc.blxrbdn.com,1,https://blog.talosintelligence.com/clearfake-webdav-infection-chain/
domains,buf.data,1,https://www.rapid7.com/blog/post/tr-dprk-apts-ted-backdoor-curlrat-target-south-korean-media-automotive-sectors
domains,buf.head,1,https://www.rapid7.com/blog/post/tr-dprk-apts-ted-backdoor-curlrat-target-south-korean-media-automotive-sectors
domains,catalystboostfunding.com,1,https://www.microsoft.com/en-us/security/blog/2026/09/03/ascii-smuggling-crosses-over-from-ai-prompt-injection-to-phishing-evasion/
domains,catalystcapitalharbor.com,1,https://www.microsoft.com/en-us/security/blog/2026/09/03/ascii-smuggling-crosses-over-from-ai-prompt-injection-to-phishing-evasion/
domains,clean.sh,1,https://isc.sans.edu/diary/rss/33326
domains,client32.exe,1,https://blog.talosintelligence.com/clearfake-webdav-infection-chain/
domains,client32.ini,1,https://blog.talosintelligence.com/clearfake-webdav-infection-chain/
domains,cmd.exe,1,https://www.microsoft.com/en-us/security/blog/2026/09/02/impersonating-it-support-threat-actors-turn-remote-session-into-enterprise-wide-access/
domains,cmd.jar,1,https://blog.talosintelligence.com/fmc-ongoing-exploitation/
domains,cmd.log,1,https://www.rapid7.com/blog/post/tr-dprk-apts-ted-backdoor-curlrat-target-south-korean-media-automotive-sectors
domains,cmssnmptrap.sh,1,https://www.rapid7.com/blog/post/pt-metasploit-wrap-up-goes-to-sixteen
domains,com.nable.server.servletpathfilter,1,https://www.rapid7.com/blog/post/ve-cve-2026-86206-cve-2026-86207-n-able-n-central-authentication-bypass-fixed
domains,com.nable.server.servletpathfilter.isallowedrequest,1,https://www.rapid7.com/blog/post/ve-cve-2026-86206-cve-2026-86207-n-able-n-central-authentication-bypass-fixed
domains,com.nable.server.ui.usertwofactorlogin,1,https://www.rapid7.com/blog/post/ve-cve-2026-86206-cve-2026-86207-n-able-n-central-authentication-bypass-fixed
domains,com.nable.util.localhostutils,1,https://www.rapid7.com/blog/post/ve-cve-2026-86206-cve-2026-86207-n-able-n-central-authentication-bypass-fixed
domains,com.nable.util.localhostutils.xffcheck,1,https://www.rapid7.com/blog/post/ve-cve-2026-86206-cve-2026-86207-n-able-n-central-authentication-bypass-fixed
domains,company-name.integratedsso.com,1,https://www.microsoft.com/en-us/security/blog/2026/09/09/passkey-themed-social-engineering-leads-identity-cloud-compromise/
domains,company-name.secure-passkey.com,1,https://www.microsoft.com/en-us/security/blog/2026/09/09/passkey-themed-social-engineering-leads-identity-cloud-compromise/
domains,companyname.maliciousdomain.com,1,https://www.microsoft.com/en-us/security/blog/2026/09/09/passkey-themed-social-engineering-leads-identity-cloud-compromise/
domains,content.js,1,https://blog.talosintelligence.com/the-story-behind-the-intelligence/
domains,contoso.add-passkey.com,1,https://www.microsoft.com/en-us/security/blog/2026/09/09/passkey-themed-social-engineering-leads-identity-cloud-compromise/
domains,cowrie.command.input,1,https://isc.sans.edu/diary/rss/33306
domains,cve.org,1,https://isc.sans.edu/diary/rss/33306
domains,cybr.sec.con,1,https://blog.talosintelligence.com/weve-got-one-word-for-it-and-its-usually-the-wrong-one/
domains,dbghelp.dll,1,https://blog.talosintelligence.com/clearfake-webdav-infection-chain/
domains,dcrcvdrv.sys,1,https://blog.talosintelligence.com/clearfake-webdav-infection-chain/
domains,digital-watchdog.com,1,https://www.cisa.gov/news-events/ics-advisories/icsa-26-258-01
domains,digitalcapitalboost.com,1,https://www.microsoft.com/en-us/security/blog/2026/09/03/ascii-smuggling-crosses-over-from-ai-prompt-injection-to-phishing-evasion/
domains,digitalrushcapital.com,1,https://www.microsoft.com/en-us/security/blog/2026/09/03/ascii-smuggling-crosses-over-from-ai-prompt-injection-to-phishing-evasion/
domains,directcapitalboost.com,1,https://www.microsoft.com/en-us/security/blog/2026/09/03/ascii-smuggling-crosses-over-from-ai-prompt-injection-to-phishing-evasion/
domains,directcapitalpulse.com,1,https://www.microsoft.com/en-us/security/blog/2026/09/03/ascii-smuggling-crosses-over-from-ai-prompt-injection-to-phishing-evasion/
domains,directory.read.all,1,https://www.microsoft.com/en-us/security/blog/2026/09/09/passkey-themed-social-engineering-leads-identity-cloud-compromise/
domains,dmsservice-11.0.1-snapshot.jar,1,https://www.rapid7.com/blog/post/ve-cve-2026-86206-cve-2026-86207-n-able-n-central-authentication-bypass-fixed
domains,docs.google.com,1,https://blog.talosintelligence.com/clickfix-moves-into-the-browser/
domains,docs.inductiveautomation.com,1,https://www.cisa.gov/news-events/ics-advisories/icsa-26-246-06
domains,docs.metasploit.com,1,https://www.rapid7.com/blog/post/pt-metasploit-wrap-up-goes-to-sixteen
domains,domainlify.net,1,https://www.microsoft.com/en-us/security/blog/2026/09/10/protecting-organizations-ai-assisted-executive-impersonation-invoice-fraud/
domains,down.aspx,1,https://www.reddit.com/r/blueteamsec/comments/1w6cs6s/chinesespeaking_operator_uses_ai_agents_to_target/
domains,downx.aspx,1,https://www.reddit.com/r/blueteamsec/comments/1w6cs6s/chinesespeaking_operator_uses_ai_agents_to_target/
domains,dshield.org,1,https://isc.sans.edu/diary/rss/33306
domains,dssdfvsdfvsdfvsdgbfbdvdzv.org,1,https://www.microsoft.com/en-us/security/blog/2026/09/02/impersonating-it-support-threat-actors-turn-remote-session-into-enterprise-wide-access/
domains,e.printstacktrace,1,https://blog.talosintelligence.com/fmc-ongoing-exploitation/
domains,eemusicclass.co.uk,1,https://www.microsoft.com/en-us/security/blog/2026/09/10/protecting-organizations-ai-assisted-executive-impersonation-invoice-fraud/
domains,elevatecapitalrush.com,1,https://www.microsoft.com/en-us/security/blog/2026/09/03/ascii-smuggling-crosses-over-from-ai-prompt-injection-to-phishing-evasion/
domains,emsd4.com,1,https://www.microsoft.com/en-us/security/blog/2026/09/03/ascii-smuggling-crosses-over-from-ai-prompt-injection-to-phishing-evasion/
domains,event.code,1,https://isc.sans.edu/diary/rss/33326
domains,evr.dll,1,https://blog.talosintelligence.com/clearfake-webdav-infection-chain/
domains,exploit.jar,1,https://blog.talosintelligence.com/fmc-ongoing-exploitation/
domains,explorer.exe,2,https://blog.talosintelligence.com/clearfake-webdav-infection-chain/ | https://www.microsoft.com/en-us/security/blog/2026/09/02/impersonating-it-support-threat-actors-turn-remote-session-into-enterprise-wide-access/
domains,fakeall.da,1,https://www.microsoft.com/en-us/security/blog/2026/09/02/impersonating-it-support-threat-actors-turn-remote-session-into-enterprise-wide-access/
domains,fakeall.db,1,https://www.microsoft.com/en-us/security/blog/2026/09/02/impersonating-it-support-threat-actors-turn-remote-session-into-enterprise-wide-access/
domains,fd.gstats-api-contact.cc,1,https://blog.talosintelligence.com/clearfake-webdav-infection-chain/
domains,files.read.all,1,https://www.microsoft.com/en-us/security/blog/2026/09/09/passkey-themed-social-engineering-leads-identity-cloud-compromise/
domains,firm.tyconsystems.com,1,https://www.cisa.gov/news-events/ics-advisories/icsa-26-246-08
domains,fundingexpresscapital.com,1,https://www.microsoft.com/en-us/security/blog/2026/09/03/ascii-smuggling-crosses-over-from-ai-prompt-injection-to-phishing-evasion/
domains,gitlab.com,1,https://www.rapid7.com/blog/post/etr-cve-2026-85706-critical-gitlab-path-traversal-exploited-in-the-wild
domains,guardiancapitalway.com,1,https://www.microsoft.com/en-us/security/blog/2026/09/03/ascii-smuggling-crosses-over-from-ai-prompt-injection-to-phishing-evasion/
domains,guardiangrowthfunding.com,1,https://www.microsoft.com/en-us/security/blog/2026/09/03/ascii-smuggling-crosses-over-from-ai-prompt-injection-to-phishing-evasion/
domains,guardianloccapital.com,1,https://www.microsoft.com/en-us/security/blog/2026/09/03/ascii-smuggling-crosses-over-from-ai-prompt-injection-to-phishing-evasion/
domains,guardianlocchoice.com,1,https://www.microsoft.com/en-us/security/blog/2026/09/03/ascii-smuggling-crosses-over-from-ai-prompt-injection-to-phishing-evasion/
domains,haproxy-1000.cache,1,https://www.rapid7.com/blog/post/tr-dprk-apts-ted-backdoor-curlrat-target-south-korean-media-automotive-sectors
domains,haproxy-1000.cache.bak,1,https://www.rapid7.com/blog/post/tr-dprk-apts-ted-backdoor-curlrat-target-south-korean-media-automotive-sectors
domains,haproxy-1001.cache,1,https://www.rapid7.com/blog/post/tr-dprk-apts-ted-backdoor-curlrat-target-south-korean-media-automotive-sectors
domains,haproxy-1002.cache,1,https://www.rapid7.com/blog/post/tr-dprk-apts-ted-backdoor-curlrat-target-south-korean-media-automotive-sectors
domains,haproxy.pid,1,https://www.rapid7.com/blog/post/tr-dprk-apts-ted-backdoor-curlrat-target-south-korean-media-automotive-sectors
domains,harboradvancefunding.com,1,https://www.microsoft.com/en-us/security/blog/2026/09/03/ascii-smuggling-crosses-over-from-ai-prompt-injection-to-phishing-evasion/
domains,home.jsp,1,https://blog.talosintelligence.com/fmc-ongoing-exploitation/
domains,horizon3.ai,1,https://www.rapid7.com/blog/post/pt-metasploit-wrap-up-goes-to-sixteen
domains,http.sys,2,https://isc.sans.edu/diary/rss/33320 | https://www.rapid7.com/blog/post/em-patch-tuesday-september-2026
domains,hub.log,1,https://blog.talosintelligence.com/clearfake-webdav-infection-chain/
domains,hunt.io,1,https://www.reddit.com/r/blueteamsec/comments/1w6cs6s/chinesespeaking_operator_uses_ai_agents_to_target/
domains,hypersnap.exe,1,https://blog.talosintelligence.com/clearfake-webdav-infection-chain/
domains,img.darklights.store,1,https://www.rapid7.com/blog/post/tr-dprk-apts-ted-backdoor-curlrat-target-south-korean-media-automotive-sectors
domains,img.monderhouse.space,1,https://www.rapid7.com/blog/post/tr-dprk-apts-ted-backdoor-curlrat-target-south-korean-media-automotive-sectors
domains,img.responsive.pstatic.autos,1,https://www.rapid7.com/blog/post/tr-dprk-apts-ted-backdoor-curlrat-target-south-korean-media-automotive-sectors
domains,img.smartnords.site,1,https://www.rapid7.com/blog/post/tr-dprk-apts-ted-backdoor-curlrat-target-south-korean-media-automotive-sectors
domains,img.socialteams.store,1,https://www.rapid7.com/blog/post/tr-dprk-apts-ted-backdoor-curlrat-target-south-korean-media-automotive-sectors
domains,img.worksongo.store,1,https://www.rapid7.com/blog/post/tr-dprk-apts-ted-backdoor-curlrat-target-south-korean-media-automotive-sectors
domains,incidents.org,1,https://isc.sans.edu/diary/rss/33306
domains,index.html,2,https://isc.sans.edu/diary/rss/33326 | https://www.cisa.gov/news-events/ics-medical-advisories/icsma-26-253-02
domains,integratedsso.com,1,https://www.microsoft.com/en-us/security/blog/2026/09/09/passkey-themed-social-engineering-leads-identity-cloud-compromise/
domains,ip-109-091-184-021.um37.pools.vodafone-ip.de,1,https://isc.sans.edu/diary/rss/33326
domains,ip-api.com,1,https://isc.sans.edu/diary/rss/33306
domains,isc.sans.edu,5,https://isc.sans.edu/diary/rss/33306 | https://isc.sans.edu/diary/rss/33320 | https://isc.sans.edu/diary/rss/33326 | https://isc.sans.edu/diary/rss/33332 | https://isc.sans.edu/diary/rss/33336
domains,java.io.bufferedreader,1,https://blog.talosintelligence.com/fmc-ongoing-exploitation/
domains,java.io.inputstreamreader,1,https://blog.talosintelligence.com/fmc-ongoing-exploitation/
domains,jetty-http-9.4.56.v20240826.jar,1,https://www.rapid7.com/blog/post/ve-cve-2026-86206-cve-2026-86207-n-able-n-central-authentication-bypass-fixed
domains,jetty-server-9.4.56.v20240826.jar,1,https://www.rapid7.com/blog/post/ve-cve-2026-86206-cve-2026-86207-n-able-n-central-authentication-bypass-fixed
domains,jewel.js,1,https://blog.talosintelligence.com/clearfake-webdav-infection-chain/
domains,jquery.min.js,1,https://blog.talosintelligence.com/clearfake-webdav-infection-chain/
domains,js.downloader.clickfix,1,https://blog.talosintelligence.com/clickfix-moves-into-the-browser/
domains,keysyncos.com,1,https://www.microsoft.com/en-us/security/blog/2026/09/09/passkey-themed-social-engineering-leads-identity-cloud-compromise/
domains,kffd3.vexlatech.cc,1,https://blog.talosintelligence.com/clearfake-webdav-infection-chain/
domains,kffd3.vogueatelier.cc,1,https://blog.talosintelligence.com/clearfake-webdav-infection-chain/
domains,kr.cedar2glanz.ru,1,https://blog.talosintelligence.com/clearfake-webdav-infection-chain/
domains,lb.propertyfind.cc,1,https://blog.talosintelligence.com/clearfake-webdav-infection-chain/
domains,leaguejazire.com,1,https://blog.talosintelligence.com/clearfake-webdav-infection-chain/
domains,libvirtlog.so,1,https://www.rapid7.com/blog/post/tr-dprk-apts-ted-backdoor-curlrat-target-south-korean-media-automotive-sectors
domains,license.tmp,1,https://blog.talosintelligence.com/fmc-ongoing-exploitation/
domains,lifeones.com,1,https://www.microsoft.com/en-us/security/blog/2026/09/10/protecting-organizations-ai-assisted-executive-impersonation-invoice-fraud/
domains,localhostutils.isloopbackaddress,1,https://www.rapid7.com/blog/post/ve-cve-2026-86206-cve-2026-86207-n-able-n-central-authentication-bypass-fixed
domains,localhostutils.xffcheck,1,https://www.rapid7.com/blog/post/ve-cve-2026-86206-cve-2026-86207-n-able-n-central-authentication-bypass-fixed
domains,lohnsteuerhilfe-aktuell-verein.de,1,https://www.microsoft.com/en-us/security/blog/2026/09/10/protecting-organizations-ai-assisted-executive-impersonation-invoice-fraud/
domains,lumalisboa.com,1,https://www.microsoft.com/en-us/security/blog/2026/09/10/protecting-organizations-ai-assisted-executive-impersonation-invoice-fraud/
domains,mail.read,1,https://www.microsoft.com/en-us/security/blog/2026/09/09/passkey-themed-social-engineering-leads-identity-cloud-compromise/
domains,mail3.kekew.info,1,https://isc.sans.edu/diary/rss/33326
domains,marketplace.mendix.com,1,https://www.cisa.gov/news-events/ics-advisories/icsa-26-258-06
domains,mctci.com,1,https://www.microsoft.com/en-us/security/blog/2026/09/10/protecting-organizations-ai-assisted-executive-impersonation-invoice-fraud/
domains,modifiedprop.name,1,https://www.microsoft.com/en-us/security/blog/2026/09/09/passkey-themed-social-engineering-leads-identity-cloud-compromise/
domains,modifiedprop.newvalue,1,https://www.microsoft.com/en-us/security/blog/2026/09/09/passkey-themed-social-engineering-leads-identity-cloud-compromise/
domains,modifiedprop.oldvalue,1,https://www.microsoft.com/en-us/security/blog/2026/09/09/passkey-themed-social-engineering-leads-identity-cloud-compromise/
domains,msrc.microsoft.com,1,https://krebsonsecurity.com/2026/09/microsoft-plugs-nearly-1000-security-holes/
domains,myconnectkey.com,1,https://www.microsoft.com/en-us/security/blog/2026/09/09/passkey-themed-social-engineering-leads-identity-cloud-compromise/
domains,netguard.exe,1,https://blog.talosintelligence.com/the-story-behind-the-intelligence/
domains,next.js,1,https://www.rapid7.com/blog/post/pt-metasploit-wrap-up-goes-to-sixteen
domains,nimon.unix,1,https://www.rapid7.com/blog/post/tr-dprk-apts-ted-backdoor-curlrat-target-south-korean-media-automotive-sectors
domains,node.exe,1,https://www.microsoft.com/en-us/security/blog/2026/09/02/impersonating-it-support-threat-actors-turn-remote-session-into-enterprise-wide-access/
domains,node.js,4,https://isc.sans.edu/diary/rss/33320 | https://www.microsoft.com/en-us/security/blog/2026/09/02/impersonating-it-support-threat-actors-turn-remote-session-into-enterprise-wide-access/ | https://www.microsoft.com/en-us/security/blog/2026/09/09/passkey-themed-social-engineering-leads-identity-cloud-compromise/ | https://www.rapid7.com/blog/post/em-patch-tuesday-september-2026
domains,ntdll.dll,1,https://blog.talosintelligence.com/clearfake-webdav-infection-chain/
domains,nuf.co.jp,1,https://www.microsoft.com/en-us/security/blog/2026/09/10/protecting-organizations-ai-assisted-executive-impersonation-invoice-fraud/
domains,obfuscator.io,1,https://blog.talosintelligence.com/clickfix-moves-into-the-browser/
domains,oktasession.com,1,https://www.microsoft.com/en-us/security/blog/2026/09/09/passkey-themed-social-engineering-leads-identity-cloud-compromise/
domains,omniquery.pl,1,https://blog.talosintelligence.com/fmc-ongoing-exploitation/
domains,onlinedirectfinance.com,1,https://www.microsoft.com/en-us/security/blog/2026/09/03/ascii-smuggling-crosses-over-from-ai-prompt-injection-to-phishing-evasion/
domains,org.apache.axis.transport.http.axisservlet,1,https://www.rapid7.com/blog/post/ve-cve-2026-86206-cve-2026-86207-n-able-n-central-authentication-bypass-fixed
domains,org.apache.cxf.transport.servlet.cxfservlet,1,https://www.rapid7.com/blog/post/ve-cve-2026-86206-cve-2026-86207-n-able-n-central-authentication-bypass-fixed
domains,org.eclipse.jetty.http.httpuri,1,https://www.rapid7.com/blog/post/ve-cve-2026-86206-cve-2026-86207-n-able-n-central-authentication-bypass-fixed
domains,org.eclipse.jetty.util.uriutil,1,https://www.rapid7.com/blog/post/ve-cve-2026-86206-cve-2026-86207-n-able-n-central-authentication-bypass-fixed
domains,orthanc.uclouvain.be,1,https://www.cisa.gov/news-events/ics-medical-advisories/icsma-26-253-02
domains,oskeyconnect.com,1,https://www.microsoft.com/en-us/security/blog/2026/09/09/passkey-themed-social-engineering-leads-identity-cloud-compromise/
domains,oskeyregister.com,1,https://www.microsoft.com/en-us/security/blog/2026/09/09/passkey-themed-social-engineering-leads-identity-cloud-compromise/
domains,oskeysetup.com,1,https://www.microsoft.com/en-us/security/blog/2026/09/09/passkey-themed-social-engineering-leads-identity-cloud-compromise/
domains,oskeysync.com,1,https://www.microsoft.com/en-us/security/blog/2026/09/09/passkey-themed-social-engineering-leads-identity-cloud-compromise/
domains,ourbusinessloans.com,1,https://www.microsoft.com/en-us/security/blog/2026/09/03/ascii-smuggling-crosses-over-from-ai-prompt-injection-to-phishing-evasion/
domains,overview.js,1,https://www.cisa.gov/news-events/ics-advisories/icsa-26-258-04
domains,passkeyhelpdesk.com,1,https://www.microsoft.com/en-us/security/blog/2026/09/09/passkey-themed-social-engineering-leads-identity-cloud-compromise/
domains,paste.sh,1,https://blog.talosintelligence.com/clickfix-moves-into-the-browser/
domains,pastebin.com,1,https://blog.talosintelligence.com/clickfix-moves-into-the-browser/
domains,patchlens.io,1,https://isc.sans.edu/diary/rss/33320
domains,paternal-angrily.com,1,https://blog.talosintelligence.com/clearfake-webdav-infection-chain/
domains,pb.redirecterrorstream,1,https://blog.talosintelligence.com/fmc-ongoing-exploitation/
domains,pb.start,1,https://blog.talosintelligence.com/fmc-ongoing-exploitation/
domains,pcicl32.dll,1,https://blog.talosintelligence.com/clearfake-webdav-infection-chain/
domains,pf.ch,1,https://blog.talosintelligence.com/clearfake-webdav-infection-chain/
domains,phys.stunned-amniotic.com,1,https://blog.talosintelligence.com/clearfake-webdav-infection-chain/
domains,pkg.vogueatelier.cc,1,https://blog.talosintelligence.com/clearfake-webdav-infection-chain/
domains,portalsetuphub.com,1,https://www.microsoft.com/en-us/security/blog/2026/09/09/passkey-themed-social-engineering-leads-identity-cloud-compromise/
domains,powershell.exe,1,https://www.microsoft.com/en-us/security/blog/2026/09/02/impersonating-it-support-threat-actors-turn-remote-session-into-enterprise-wide-access/
domains,powexec.mx,1,https://www.microsoft.com/en-us/security/blog/2026/09/02/impersonating-it-support-threat-actors-turn-remote-session-into-enterprise-wide-access/
domains,process.getinputstream,1,https://blog.talosintelligence.com/fmc-ongoing-exploitation/
domains,process.waitfor,1,https://blog.talosintelligence.com/fmc-ongoing-exploitation/
domains,pstatic.net,1,https://www.rapid7.com/blog/post/tr-dprk-apts-ted-backdoor-curlrat-target-south-korean-media-automotive-sectors
domains,pyramidsolutions.com,1,https://www.cisa.gov/news-events/ics-advisories/icsa-26-246-07
domains,rasapi32.dll,1,https://blog.talosintelligence.com/clearfake-webdav-infection-chain/
domains,raweventdata.chatthreadid,1,https://www.microsoft.com/en-us/security/blog/2026/09/02/impersonating-it-support-threat-actors-turn-remote-session-into-enterprise-wide-access/
domains,raweventdata.filesizebytes,1,https://www.microsoft.com/en-us/security/blog/2026/09/09/passkey-themed-social-engineering-leads-identity-cloud-compromise/
domains,raweventdata.members,1,https://www.microsoft.com/en-us/security/blog/2026/09/02/impersonating-it-support-threat-actors-turn-remote-session-into-enterprise-wide-access/
domains,raweventdata.modifiedproperties,1,https://www.microsoft.com/en-us/security/blog/2026/09/09/passkey-themed-social-engineering-leads-identity-cloud-compromise/
domains,raweventdata.resultstatus,1,https://www.microsoft.com/en-us/security/blog/2026/09/09/passkey-themed-social-engineering-leads-identity-cloud-compromise/
domains,raweventdata.target,1,https://www.microsoft.com/en-us/security/blog/2026/09/09/passkey-themed-social-engineering-leads-identity-cloud-compromise/
domains,raweventdata.tokenobjectid,1,https://www.microsoft.com/en-us/security/blog/2026/09/09/passkey-themed-social-engineering-leads-identity-cloud-compromise/
domains,reader.readline,1,https://blog.talosintelligence.com/fmc-ongoing-exploitation/
domains,request.getparameter,1,https://blog.talosintelligence.com/fmc-ongoing-exploitation/
domains,riyazinikokar.xyz,1,https://blog.talosintelligence.com/clearfake-webdav-infection-chain/
domains,rocketboostfunding.com,1,https://www.microsoft.com/en-us/security/blog/2026/09/03/ascii-smuggling-crosses-over-from-ai-prompt-injection-to-phishing-evasion/
domains,rundll32.exe,3,https://blog.talosintelligence.com/clearfake-webdav-infection-chain/ | https://blog.talosintelligence.com/weve-got-one-word-for-it-and-its-usually-the-wrong-one/ | https://www.microsoft.com/en-us/security/blog/2026/09/02/impersonating-it-support-threat-actors-turn-remote-session-into-enterprise-wide-access/
domains,s9.acems10.com,1,https://www.microsoft.com/en-us/security/blog/2026/09/03/ascii-smuggling-crosses-over-from-ai-prompt-injection-to-phishing-evasion/
domains,sample.exe,2,https://blog.talosintelligence.com/the-story-behind-the-intelligence/ | https://blog.talosintelligence.com/weve-got-one-word-for-it-and-its-usually-the-wrong-one/
domains,sans.edu,4,https://isc.sans.edu/diary/rss/33306 | https://isc.sans.edu/diary/rss/33320 | https://isc.sans.edu/diary/rss/33326 | https://isc.sans.edu/diary/rss/33336
domains,secoh-qad.exe,2,https://blog.talosintelligence.com/the-story-behind-the-intelligence/ | https://blog.talosintelligence.com/weve-got-one-word-for-it-and-its-usually-the-wrong-one/
domains,secur32.dll,1,https://blog.talosintelligence.com/clearfake-webdav-infection-chain/
domains,secure-passkey.com,1,https://www.microsoft.com/en-us/security/blog/2026/09/09/passkey-themed-social-engineering-leads-identity-cloud-compromise/
domains,security-advisories.html,3,https://www.cisa.gov/news-events/ics-advisories/icsa-26-246-03 | https://www.cisa.gov/news-events/ics-advisories/icsa-26-246-04 | https://www.cisa.gov/news-events/ics-advisories/icsa-26-246-05
domains,security.inductiveautomation.com,1,https://www.cisa.gov/news-events/ics-advisories/icsa-26-246-06
domains,service-nowinc.com,1,https://www.microsoft.com/en-us/security/blog/2026/09/10/protecting-organizations-ai-assisted-executive-impersonation-invoice-fraud/
domains,session.hello,1,https://www.rapid7.com/blog/post/ve-cve-2026-86206-cve-2026-86207-n-able-n-central-authentication-bypass-fixed
domains,setup.sh,1,https://isc.sans.edu/diary/rss/33326
domains,setupmypasskey.com,1,https://www.microsoft.com/en-us/security/blog/2026/09/09/passkey-themed-social-engineering-leads-identity-cloud-compromise/
domains,shutterstock.com,1,https://krebsonsecurity.com/2026/09/microsoft-plugs-nearly-1000-security-holes/
domains,simpleswap.io,1,https://blog.talosintelligence.com/clickfix-moves-into-the-browser/
domains,snort.org,1,https://blog.talosintelligence.com/microsoft-patch-tuesday-for-september-2026/
domains,socks5.py,1,https://blog.talosintelligence.com/fmc-ongoing-exploitation/
domains,spaceport.sys,2,https://isc.sans.edu/diary/rss/33320 | https://www.rapid7.com/blog/post/em-patch-tuesday-september-2026
domains,srvnet.sys,2,https://isc.sans.edu/diary/rss/33320 | https://www.rapid7.com/blog/post/em-patch-tuesday-september-2026
domains,static.quorashift.cc,1,https://blog.talosintelligence.com/clearfake-webdav-infection-chain/
domains,support.industry.siemens.com,1,https://www.cisa.gov/news-events/ics-advisories/icsa-26-258-05
domains,support.rockwellautomation.com,3,https://www.cisa.gov/news-events/ics-advisories/icsa-26-246-03 | https://www.cisa.gov/news-events/ics-advisories/icsa-26-246-04 | https://www.cisa.gov/news-events/ics-advisories/icsa-26-246-05
domains,support.sw.siemens.com,1,https://www.cisa.gov/news-events/ics-advisories/icsa-26-258-07
domains,swapzone.io,1,https://blog.talosintelligence.com/clickfix-moves-into-the-browser/
domains,syncmykey.com,1,https://www.microsoft.com/en-us/security/blog/2026/09/09/passkey-themed-social-engineering-leads-identity-cloud-compromise/
domains,synctimes.australiaeast.cloudapp.azure.com,1,https://www.microsoft.com/en-us/security/blog/2026/09/02/impersonating-it-support-threat-actors-turn-remote-session-into-enterprise-wide-access/
domains,synkloader.sa,1,https://www.microsoft.com/en-us/security/blog/2026/09/02/impersonating-it-support-threat-actors-turn-remote-session-into-enterprise-wide-access/
domains,syscfg.exe,1,https://www.reddit.com/r/blueteamsec/comments/1w6cs6s/chinesespeaking_operator_uses_ai_agents_to_target/
domains,system.drawing,1,https://www.microsoft.com/en-us/security/blog/2026/09/02/impersonating-it-support-threat-actors-turn-remote-session-into-enterprise-wide-access/
domains,system.drawing.bitmap,1,https://www.microsoft.com/en-us/security/blog/2026/09/02/impersonating-it-support-threat-actors-turn-remote-session-into-enterprise-wide-access/
domains,system.exit,1,https://blog.talosintelligence.com/fmc-ongoing-exploitation/
domains,system.out.println,1,https://blog.talosintelligence.com/fmc-ongoing-exploitation/
domains,targetid.usertype,1,https://www.microsoft.com/en-us/security/blog/2026/09/09/passkey-themed-social-engineering-leads-identity-cloud-compromise/
domains,telegra.ph,1,https://blog.talosintelligence.com/clearfake-webdav-infection-chain/
domains,thebusinessloanexpress.com,1,https://www.microsoft.com/en-us/security/blog/2026/09/03/ascii-smuggling-crosses-over-from-ai-prompt-injection-to-phishing-evasion/
domains,this.getclass,1,https://blog.talosintelligence.com/fmc-ongoing-exploitation/
domains,this.updatesession,1,https://www.rapid7.com/blog/post/ve-cve-2026-86206-cve-2026-86207-n-able-n-central-authentication-bypass-fixed
domains,tivityhealth.com,1,https://www.microsoft.com/en-us/security/blog/2026/09/10/protecting-organizations-ai-assisted-executive-impersonation-invoice-fraud/
domains,tmp00055df5.dll,1,https://blog.talosintelligence.com/weve-got-one-word-for-it-and-its-usually-the-wrong-one/
domains,token.you,1,https://isc.sans.edu/diary/rss/33306
domains,tovimbatista.pt,1,https://www.microsoft.com/en-us/security/blog/2026/09/10/protecting-organizations-ai-assisted-executive-impersonation-invoice-fraud/
domains,uinsure.co.uk,1,https://www.microsoft.com/en-us/security/blog/2026/09/10/protecting-organizations-ai-assisted-executive-impersonation-invoice-fraud/
domains,unitedfundingwave.com,1,https://www.microsoft.com/en-us/security/blog/2026/09/03/ascii-smuggling-crosses-over-from-ai-prompt-injection-to-phishing-evasion/
domains,update.dubbedmuch.cc,1,https://blog.talosintelligence.com/clearfake-webdav-infection-chain/
domains,update1n5.blob.core.windows.net,1,https://www.microsoft.com/en-us/security/blog/2026/09/02/impersonating-it-support-threat-actors-turn-remote-session-into-enterprise-wide-access/
domains,update1n6.blob.core.windows.net,1,https://www.microsoft.com/en-us/security/blog/2026/09/02/impersonating-it-support-threat-actors-turn-remote-session-into-enterprise-wide-access/
domains,update1n7.blob.core.windows.net,1,https://www.microsoft.com/en-us/security/blog/2026/09/02/impersonating-it-support-threat-actors-turn-remote-session-into-enterprise-wide-access/
domains,update1n9.blob.core.windows.net,1,https://www.microsoft.com/en-us/security/blog/2026/09/02/impersonating-it-support-threat-actors-turn-remote-session-into-enterprise-wide-access/
domains,updatetmp.blob.core.windows.net,1,https://www.microsoft.com/en-us/security/blog/2026/09/02/impersonating-it-support-threat-actors-turn-remote-session-into-enterprise-wide-access/
domains,usbaudio.sys,2,https://isc.sans.edu/diary/rss/33320 | https://www.rapid7.com/blog/post/em-patch-tuesday-september-2026
domains,user.twofactorlogin,1,https://www.rapid7.com/blog/post/ve-cve-2026-86206-cve-2026-86207-n-able-n-central-authentication-bypass-fixed
domains,uxtheme.dll,2,https://isc.sans.edu/diary/rss/33320 | https://www.rapid7.com/blog/post/em-patch-tuesday-september-2026
domains,validationsetupac.com,1,https://www.microsoft.com/en-us/security/blog/2026/09/09/passkey-themed-social-engineering-leads-identity-cloud-compromise/
domains,verification.google,1,https://blog.talosintelligence.com/clearfake-webdav-infection-chain/
domains,vid001.exe,2,https://blog.talosintelligence.com/the-story-behind-the-intelligence/ | https://blog.talosintelligence.com/weve-got-one-word-for-it-and-its-usually-the-wrong-one/
domains,vm610-baseline-pre-redtail.elf,1,https://isc.sans.edu/diary/rss/33326
domains,vm610-post-redtail.elf,1,https://isc.sans.edu/diary/rss/33326
domains,volsnap.sys,2,https://isc.sans.edu/diary/rss/33320 | https://www.rapid7.com/blog/post/em-patch-tuesday-september-2026
domains,w32.228c316455-95.sbx.tg,1,https://blog.talosintelligence.com/the-story-behind-the-intelligence/
domains,w32.38d053135d-95.sbx.tg,1,https://blog.talosintelligence.com/the-story-behind-the-intelligence/
domains,w32.9f1f11a708-100.sbx.tg,2,https://blog.talosintelligence.com/the-story-behind-the-intelligence/ | https://blog.talosintelligence.com/weve-got-one-word-for-it-and-its-usually-the-wrong-one/
domains,w32.c4dd71e347-95.sbx.tg,2,https://blog.talosintelligence.com/the-story-behind-the-intelligence/ | https://blog.talosintelligence.com/weve-got-one-word-for-it-and-its-usually-the-wrong-one/
domains,web.xml,1,https://www.rapid7.com/blog/post/ve-cve-2026-86206-cve-2026-86207-n-able-n-central-authentication-bypass-fixed
domains,webwether.eastus.cloudapp.azure.com,1,https://www.microsoft.com/en-us/security/blog/2026/09/02/impersonating-it-support-threat-actors-turn-remote-session-into-enterprise-wide-access/
domains,win.backdoor.baddav,1,https://blog.talosintelligence.com/clickfix-moves-into-the-browser/
domains,win.backdoor.badnetsup,1,https://blog.talosintelligence.com/clickfix-moves-into-the-browser/
domains,win.backdoor.goproxshell,1,https://blog.talosintelligence.com/clickfix-moves-into-the-browser/
domains,win.dropper.miner,1,https://blog.talosintelligence.com/the-story-behind-the-intelligence/
domains,win.dropper.suloc,1,https://blog.talosintelligence.com/weve-got-one-word-for-it-and-its-usually-the-wrong-one/
domains,win.malware.amaterastomper,1,https://blog.talosintelligence.com/clickfix-moves-into-the-browser/
domains,win.tool.procpatcher,2,https://blog.talosintelligence.com/the-story-behind-the-intelligence/ | https://blog.talosintelligence.com/weve-got-one-word-for-it-and-its-usually-the-wrong-one/
domains,wscript.exe,1,https://www.microsoft.com/en-us/security/blog/2026/09/02/impersonating-it-support-threat-actors-turn-remote-session-into-enterprise-wide-access/
domains,www.aveva.com,1,https://www.cisa.gov/news-events/ics-advisories/icsa-26-253-01
domains,www.cisa.gov,20,https://www.cisa.gov/news-events/ics-advisories/icsa-26-246-01 | https://www.cisa.gov/news-events/ics-advisories/icsa-26-246-02 | https://www.cisa.gov/news-events/ics-advisories/icsa-26-246-03 | https://www.cisa.gov/news-events/ics-advisories/icsa-26-246-04 | https://www.cisa.gov/news-events/ics-advisories/icsa-26-246-05 | https://www.cisa.gov/news-events/ics-advisories/icsa-26-246-06 | https://www.cisa.gov/news-events/ics-advisories/icsa-26-246-07 | https://www.cisa.gov/news-events/ics-advisories/icsa-26-246-08 | https://www.cisa.gov/news-events/ics-advisories/icsa-26-251-01 | https://www.cisa.gov/news-events/ics-advisories/icsa-26-253-01 | https://www.cisa.gov/news-events/ics-advisories/icsa-26-258-01 | https://www.cisa.gov/news-events/ics-advisories/icsa-26-258-02 | https://www.cisa.gov/news-events/ics-advisories/icsa-26-258-03 | https://www.cisa.gov/news-events/ics-advisories/icsa-26-258-04 | https://www.cisa.gov/news-events/ics-advisories/icsa-26-258-05 | https://www.cisa.gov/news-events/ics-advisories/icsa-26-258-06 | https://www.cisa.gov/news-events/ics-advisories/icsa-26-258-07 | https://www.cisa.gov/news-events/ics-advisories/icsa-26-258-08 | https://www.cisa.gov/news-events/ics-medical-advisories/icsma-26-253-01 | https://www.cisa.gov/news-events/ics-medical-advisories/icsma-26-253-02
domains,www.inetsim.org,1,https://isc.sans.edu/diary/rss/33326
domains,www.ixon.cloud,1,https://www.cisa.gov/news-events/ics-advisories/icsa-26-246-02
domains,www.myscada.org,1,https://www.cisa.gov/news-events/ics-advisories/icsa-26-258-03
domains,www.rockwellautomation.com,3,https://www.cisa.gov/news-events/ics-advisories/icsa-26-246-03 | https://www.cisa.gov/news-events/ics-advisories/icsa-26-246-04 | https://www.cisa.gov/news-events/ics-advisories/icsa-26-246-05
domains,www.sans.edu,1,https://isc.sans.edu/diary/rss/33326
domains,www.se.com,1,https://www.cisa.gov/news-events/ics-advisories/icsa-26-258-04
domains,www.siemens.com,3,https://www.cisa.gov/news-events/ics-advisories/icsa-26-258-05 | https://www.cisa.gov/news-events/ics-advisories/icsa-26-258-06 | https://www.cisa.gov/news-events/ics-advisories/icsa-26-258-07
domains,www.tyconsystems.com,1,https://www.cisa.gov/news-events/ics-advisories/icsa-26-246-08
domains,www.wartsila.com,1,https://www.cisa.gov/news-events/ics-advisories/icsa-26-258-02
domains,yourlocfunding.com,1,https://www.microsoft.com/en-us/security/blog/2026/09/03/ascii-smuggling-crosses-over-from-ai-prompt-injection-to-phishing-evasion/
sha256,009a1e2d7a582a24e50cf2ffc2a005482c8e38f22bf5ed416053855f8d054e1e,1,https://www.rapid7.com/blog/post/tr-dprk-apts-ted-backdoor-curlrat-target-south-korean-media-automotive-sectors
sha256,09739441ed4599bac2f8159028f772f71e4b25c8badfff95574e56d7384f3dbe,1,https://www.rapid7.com/blog/post/tr-dprk-apts-ted-backdoor-curlrat-target-south-korean-media-automotive-sectors
sha256,0d2fc28af246f62f27e49207d1f64e236ad9ea029412b27877d1ae6c098e86e3,1,https://www.microsoft.com/en-us/security/blog/2026/09/02/impersonating-it-support-threat-actors-turn-remote-session-into-enterprise-wide-access/
sha256,12810854c8b2c391b23e2e18b013e873d0369b0637aa3cf993136c07188ba3b8,1,https://www.rapid7.com/blog/post/tr-dprk-apts-ted-backdoor-curlrat-target-south-korean-media-automotive-sectors
sha256,1819827e17f31e72d456158b6b9c90af25a65945f6f05d04a060da9f24179b25,1,https://blog.talosintelligence.com/clearfake-webdav-infection-chain/
sha256,228c316455d5ed69232adcbe9acd033092f200014cfa7ed40d6c382f07b19b82,1,https://blog.talosintelligence.com/the-story-behind-the-intelligence/
sha256,279d04c0cfd700c8bcb9acbed528131d3ffef8e25d12713e8649772739aecb92,1,https://blog.talosintelligence.com/clearfake-webdav-infection-chain/
sha256,2f02b09d61d432134e994ad671258f523bbf289ae6091fd4eae192c60bd51b6f,1,https://www.rapid7.com/blog/post/tr-dprk-apts-ted-backdoor-curlrat-target-south-korean-media-automotive-sectors
sha256,38d053135ddceaef0abb8296f3b0bf6114b25e10e6fa1bb8050aeecec4ba8f55,1,https://blog.talosintelligence.com/the-story-behind-the-intelligence/
sha256,4bb923eb040aa13ca8fd409c31ee4729c60ddff32e350efe1c5a4a9168a065f5,1,https://www.rapid7.com/blog/post/tr-dprk-apts-ted-backdoor-curlrat-target-south-korean-media-automotive-sectors
sha256,4cfdcae6dd1d6d98b870c8f0654d504f2bf10479a117dc297de789c249dc389d,1,https://www.microsoft.com/en-us/security/blog/2026/09/02/impersonating-it-support-threat-actors-turn-remote-session-into-enterprise-wide-access/
sha256,5bb86c1cd08fe5e1516cba35c85fc03e503bd1b5469113ffa1f1b9e10897f811,1,https://blog.talosintelligence.com/weve-got-one-word-for-it-and-its-usually-the-wrong-one/
sha256,5db1b6d52faf60b4f32d6fd0c7c938e4d05d29a14c32ded4a9668357c08b6a91,1,https://www.rapid7.com/blog/post/tr-dprk-apts-ted-backdoor-curlrat-target-south-korean-media-automotive-sectors
sha256,63be5f38b520b3143732962a5f8fec1f9abd1f483dbc741ed324e58f955dd35e,1,https://isc.sans.edu/diary/rss/33326
sha256,643ef35536ff9273fb84b8504467b1a5645cd3ffd5476d64b99244b02131b205,1,https://blog.talosintelligence.com/clearfake-webdav-infection-chain/
sha256,69e10e0cb7bb2137ebea12971adb02c662cf5543a4f8c9530812bcbf7b183a23,1,https://www.microsoft.com/en-us/security/blog/2026/09/02/impersonating-it-support-threat-actors-turn-remote-session-into-enterprise-wide-access/
sha256,6cf1b5e92a9c0756f597a5ddefb38eba32961c52efac7ab2a0aa52c639a8fc53,1,https://www.rapid7.com/blog/post/tr-dprk-apts-ted-backdoor-curlrat-target-south-korean-media-automotive-sectors
sha256,6f98add5d1a7729192b6ad8491d85c505c64836f7881742d6b93bd8e3d2fe461,1,https://blog.talosintelligence.com/fmc-ongoing-exploitation/
sha256,7007a78d50a993cb174c685eba96eb442c9507e38fd9d8e5dffc712f613ec110,1,https://www.rapid7.com/blog/post/tr-dprk-apts-ted-backdoor-curlrat-target-south-korean-media-automotive-sectors
sha256,72e70936f0dbe459142a1d867617c35f8d0cce5d18c6a49e1090a2a5adc8e558,1,https://www.rapid7.com/blog/post/tr-dprk-apts-ted-backdoor-curlrat-target-south-korean-media-automotive-sectors
sha256,83f7d565b0465546027052b597af46eae3a199e7a91fcc2ab936341147349130,1,https://www.rapid7.com/blog/post/tr-dprk-apts-ted-backdoor-curlrat-target-south-korean-media-automotive-sectors
sha256,8f30b57928934ae67478d0e690c91d046e35a638da098d02922a4a88a0fdb66c,1,https://www.rapid7.com/blog/post/tr-dprk-apts-ted-backdoor-curlrat-target-south-korean-media-automotive-sectors
sha256,90b1456cdbe6bc2779ea0b4736ed9a998a71ae37390331b6ba87e389a49d3d59,1,https://blog.talosintelligence.com/weve-got-one-word-for-it-and-its-usually-the-wrong-one/
sha256,94630b96f628c96a6bff7904b40ffc9ad67c86f8a4ff6080c3b524831c93f402,1,https://www.rapid7.com/blog/post/tr-dprk-apts-ted-backdoor-curlrat-target-south-korean-media-automotive-sectors
sha256,9896a6fcb9bb5ac1ec5297b4a65be3f647589adf7c37b45f3f7466decd6a4a7f,2,https://blog.talosintelligence.com/the-story-behind-the-intelligence/ | https://blog.talosintelligence.com/weve-got-one-word-for-it-and-its-usually-the-wrong-one/
sha256,9f1f11a708d393e0a4109ae189bc64f1f3e312653dcf317a2bd406f18ffcc507,2,https://blog.talosintelligence.com/the-story-behind-the-intelligence/ | https://blog.talosintelligence.com/weve-got-one-word-for-it-and-its-usually-the-wrong-one/
sha256,a135fe4df18c711097e69b4f27ea32a74a955160bf2fb12da841f21866d95d87,1,https://www.microsoft.com/en-us/security/blog/2026/09/02/impersonating-it-support-threat-actors-turn-remote-session-into-enterprise-wide-access/
sha256,a1d8af3a6acb731f07f72040eccb3450c1c83d40e29f736c2a63d35388660be4,1,https://www.rapid7.com/blog/post/tr-dprk-apts-ted-backdoor-curlrat-target-south-korean-media-automotive-sectors
sha256,a31f222fc283227f5e7988d1ad9c0aecd66d58bb7b4d8518ae23e110308dbf91,1,https://blog.talosintelligence.com/the-story-behind-the-intelligence/
sha256,a4d145a6347e47d40b3ca48af5c6dba01bf019d0110e31a44bb70fc77d1d1676,1,https://www.microsoft.com/en-us/security/blog/2026/09/02/impersonating-it-support-threat-actors-turn-remote-session-into-enterprise-wide-access/
sha256,a8bfab4de81a1acb04aacdf757346946b0f5e30f0c9f402004016d0e425119c7,1,https://www.rapid7.com/blog/post/tr-dprk-apts-ted-backdoor-curlrat-target-south-korean-media-automotive-sectors
sha256,b037f45e02a289325a1a5eb0d4db6a9fce9954fd0fdfd07162cb4eb2acbef77d,1,https://blog.talosintelligence.com/fmc-ongoing-exploitation/
sha256,bd36f4c15fe0acb6748da5ed12e45dcc37d412385812c078d1e4f04730e9f69b,1,https://blog.talosintelligence.com/clearfake-webdav-infection-chain/
sha256,c4dd71e347a076ba24bdd2d0ee532ef991c1ef25a2431a19f850942ba2ab16b2,2,https://blog.talosintelligence.com/the-story-behind-the-intelligence/ | https://blog.talosintelligence.com/weve-got-one-word-for-it-and-its-usually-the-wrong-one/
sha256,cc6d0f3f47afeba018173604e34f527e8413d3a54ffb35caed529bff49055ec5,1,https://www.microsoft.com/en-us/security/blog/2026/09/02/impersonating-it-support-threat-actors-turn-remote-session-into-enterprise-wide-access/
sha256,d53c760c23b4405eb04ad0f20ead375440344b3bdf1fb7854ed12e40d155eabe,1,https://www.rapid7.com/blog/post/tr-dprk-apts-ted-backdoor-curlrat-target-south-korean-media-automotive-sectors
sha256,db491181ece3f319de6567ab6f6daa90c6879911cd890155e6b7d8cc7a1a8c8e,1,https://blog.talosintelligence.com/fmc-ongoing-exploitation/
sha256,ed72f4cd8d467b5c5d95ae6aeca4aaeea14d79565d379c1ca5871a714727be16,1,https://www.rapid7.com/blog/post/tr-dprk-apts-ted-backdoor-curlrat-target-south-korean-media-automotive-sectors
sha256,fea1bc36632c71e5a839803469ef60ac47595d36b2c50934ac109ade6df06e61,1,https://www.rapid7.com/blog/post/tr-dprk-apts-ted-backdoor-curlrat-target-south-korean-media-automotive-sectors
sha256,feeea9d0bf6ae7396d28271baa51ae50df5169ce5d32a516865856f91abc50b3,1,https://www.rapid7.com/blog/post/tr-dprk-apts-ted-backdoor-curlrat-target-south-korean-media-automotive-sectors
md5,2915b3f8b703eb744fc54c81f4a9c67f,2,https://blog.talosintelligence.com/the-story-behind-the-intelligence/ | https://blog.talosintelligence.com/weve-got-one-word-for-it-and-its-usually-the-wrong-one/
md5,2ec37a7cc8daf20b10e1ad6221061ca5,1,https://isc.sans.edu/diary/rss/33306
md5,38de5b216c33833af710e88f7f64fc98,2,https://blog.talosintelligence.com/the-story-behind-the-intelligence/ | https://blog.talosintelligence.com/weve-got-one-word-for-it-and-its-usually-the-wrong-one/
md5,41444d7018601b599beac0c60ed1bf83,1,https://blog.talosintelligence.com/the-story-behind-the-intelligence/
md5,61e046145ee5cf45aeb033cd71e8b07c,1,https://blog.talosintelligence.com/the-story-behind-the-intelligence/
md5,7bdbd180c081fa63ca94f9c22c457376,1,https://blog.talosintelligence.com/the-story-behind-the-intelligence/
md5,9a47c4d379998ade2f8f99e23a630c06,2,https://blog.talosintelligence.com/the-story-behind-the-intelligence/ | https://blog.talosintelligence.com/weve-got-one-word-for-it-and-its-usually-the-wrong-one/
md5,c2efb2dcacba6d3ccc175b6ce1b7ed0a,1,https://blog.talosintelligence.com/weve-got-one-word-for-it-and-its-usually-the-wrong-one/
md5,c8c68e629bba773a10ac80012d10bf19,1,https://www.rapid7.com/blog/post/tr-dprk-apts-ted-backdoor-curlrat-target-south-korean-media-automotive-sectors
md5,ecd427ea8330a4ff73618483e00b9b41,1,https://www.rapid7.com/blog/post/tr-dprk-apts-ted-backdoor-curlrat-target-south-korean-media-automotive-sectors
md5,f3e82419a43220a7a222fc01b7607adc,1,https://blog.talosintelligence.com/weve-got-one-word-for-it-and-its-usually-the-wrong-one/
